English,中文（採用）,別稱,來源
A-scan A-,掃描,,牛津 Book E4 Ch2
a.c. generator,交流發電機,,EDB 2020
aberration,光行差,像差,EDB 2020
abrasion,磨損,,牛津 Book E2 Ch3
absolute index of refraction,絕對折射率,,EDB 2020
absolute magnitude,絕對星等,,牛津 Book E1 Ch3
absolute refractive index,絕對折射率,,EDB 2020
absolute temperature scale,絕對溫標,,EDB 2020
absolute zero,絕對零度,,牛津 Book 1 Ch2
absorber,吸收體,,牛津 Book 1 Ch2
absorbing power,吸收能力,吸收本領,EDB 2020
absorptance,吸收比,,EDB 2020
absorption,吸收,,EDB 2020
absorption coefficient,吸收係數,,EDB 2020
absorption line,吸收譜線,吸收譜綫（EDB）,牛津 Book E1 Ch3
absorption spectrum,吸收光譜,,牛津 Book E2 Ch2
absorption spectrum (pl. spectra),吸收光譜,,牛津 Book E1 Ch3
accelerate,加速,,EDB 2020
acceleration,加速度,,牛津 Book 2 Ch1
acceleration due to gravity,重力加速度,,牛津 Book 2 Ch2
accelerator,加速器,,EDB 2020
acceptor,接受體,,EDB 2020
acceptor doping,受體摻雜,,EDB 2020
acceptor impurity,受體雜質,,EDB 2020
accommodation,視覺調節,調節（EDB）,牛津 Book E4 Ch1
accumulator,蓄電池,,EDB 2020
accuracy,準確度,,EDB 2020
acetate strip,醋酸酯條片,,EDB 2020
achromatic,消色差的,,EDB 2020
achromatic aberration,消色差,,EDB 2020
achromatic condenser,消色差聚光透鏡,,EDB 2020
achromatic light,消色差光,白光,EDB 2020
acoustic blur,聲響模糊,,EDB 2020
acoustic board,吸音板,吸聲板,EDB 2020
acoustic impedance,聲阻抗,,牛津 Book E4 Ch2
acoustic navigation,聲響導航,,EDB 2020
acoustic pressure,聲壓,,EDB 2020
acoustics,聲學,,EDB 2020
act on,施於,,EDB 2020
action,作用量,作用 / 作用力,EDB 2020
action of point,尖端作用,,EDB 2020
activation,激活,活化,EDB 2020
activation energy,激活能,活化能,EDB 2020
active nucleus,活性核,放射性核,EDB 2020
activity,放射強度,放射活度（EDB）,牛津 Book 5 Ch2
adapter,接合器,,EDB 2020
adder,加法器,,EDB 2020
adhesion,附著力,附著 / 黏附,EDB 2020
adhesive force,附著力,,EDB 2020
adiabatic,絕熱的,,EDB 2020
adiabatic expansion,絕熱膨脹,,EDB 2020
adiabatic process,絕熱過程,,EDB 2020
aerial,天綫,,EDB 2020
aerial induction,天綫調諧電感,,EDB 2020
aerial network,天綫網路,,EDB 2020
aerodynamic force,氣動力,空氣動力,EDB 2020
aerodynamics,氣體動力學,空氣動力學,EDB 2020
aerofoil,機翼,,EDB 2020
agent,劑,,EDB 2020
air blower,吹風器,,EDB 2020
air column,空氣柱,氣柱,EDB 2020
air cushion,氣墊,,EDB 2020
air damping,空氣阻尼,,EDB 2020
air film,氣膜,,EDB 2020
air purifier,空氣清新機,,牛津 Book 4 Ch1
air resistance,空氣阻力,,牛津 Book 2 Ch2
air track,氣墊導軌,,EDB 2020
air wedge,氣楔,,EDB 2020
air-conditioner,空氣調節器,空調機 / 冷氣機,EDB 2020
Alessandro Volta,伏打,,牛津 Book 4 Ch2
Alhazen,阿爾哈曾,,牛津 Book 3A Ch1
alignment,對準,校整,EDB 2020
allergic,過敏,,牛津 Book E4 Ch3
alternating current,交流電,,EDB 2020
alternating voltage,交變電壓,交流電壓,EDB 2020
alternator,交流發電機,,EDB 2020
altimeter,高度計,,EDB 2020
americium,鎇,,牛津 Book 5 Ch1
ammeter,安培計,,牛津 Book 4 Ch2
amorphous,非結晶的,無定形的,EDB 2020
ampere,安培,安,EDB 2020
ampere (A),安培,,牛津 Book 4 Ch2
ampere-hour,安培小時,安時,EDB 2020
amplification,放大,放大率,EDB 2020
amplifier,放大器,,EDB 2020
amplify,放大,,EDB 2020
amplitude,振幅,,牛津 Book 3B  Ch4
amplitude mode (A-Mode),振幅模式 (A-模式),,EDB 2020
amplitude modulation,調幅,振幅調劑,EDB 2020
amyl acetate,醋酸戊酯,,EDB 2020
anaemia,貧血,,EDB 2020
anaesthesia,麻醉,,牛津 Book E4 Ch1
analogue,模擬,,EDB 2020
analogue experiment,模擬實驗,,EDB 2020
analogue signal,模擬訊號,非數字訊號,EDB 2020
analogue-to-digital conversion,模擬轉換,,EDB 2020
analyser,檢偏振器,,EDB 2020
Anders Celsius,攝爾修斯,,牛津 Book 1 Ch1
Andre Geim,海姆,,牛津 Book E2 Ch3
anemometer,風速計,,EDB 2020
aneroid barometer,無液氣壓計,空盒氣壓計,EDB 2020
angle of contact,接觸角,,EDB 2020
angle of deviation,偏向角,,EDB 2020
angle of diffraction,衍射角,繞射角,EDB 2020
angle of dip,傾角,,EDB 2020
angle of elevation,仰角,,EDB 2020
angle of emergence,出射角,,EDB 2020
angle of incidence,入射角,,牛津 Book 3A Ch1
angle of inclination,傾角,,EDB 2020
angle of minimum deviation,最小偏向角,,EDB 2020
angle of projection,投射角,,EDB 2020
angle of reflection,反射角,,牛津 Book 3A Ch1
angle of refraction,折射角,,牛津 Book 3A Ch2
angle of stellar parallax,恒星視差角,,牛津 Book E1 Ch3
angle of twist,扭轉角,,EDB 2020
angstrom,埃,,EDB 2020
angular acceleration,角加速度,,EDB 2020
angular aperture,孔徑張角,,EDB 2020
angular diameter,角直徑,,牛津 Book E1 Ch3
angular displacement,角位移,,EDB 2020
angular distance,角距離,,牛津 Book E1 Ch3
angular frequency,角頻率,,EDB 2020
angular impulse,角衝量,,EDB 2020
angular magnification,角度放大,角放大率,EDB 2020
angular momentum,角動量,,牛津 Book E2 Ch2
angular motion,角向運動,角運動,EDB 2020
angular resolution,角解像度,,牛津 Book E2 Ch3
angular separation,角間距,,牛津 Book E2 Ch3
angular size,角大小,,牛津 Book E1 Ch3
angular speed,角速率,,EDB 2020
angular velocity,角速度,,EDB 2020
angular width,角寬度,,EDB 2020
annealing,退火,韌化,EDB 2020
Annie Jump Cannon,坎農,,牛津 Book E1 Ch3
annual motion,週年運動,,EDB 2020
anode,陽極,,牛津 Book E2 Ch1
anode voltage,陽極電壓,,EDB 2020
anomalous expansion,反常膨脹,,EDB 2020
antenna,天綫,,EDB 2020
anticlockwise moment,逆時針力矩,,EDB 2020
antifreeze,防凍劑,,EDB 2020
antinodal line,腹線,腹綫（EDB）,牛津 Book 3B  Ch5
antinode,波腹,,牛津 Book 3B  Ch5
antiparticle,反粒子,,EDB 2020
antiphase,反相,逆相,EDB 2020
aperture,孔徑,,牛津 Book E2 Ch3
aphelion,遠日點,,牛津 Book E1 Ch2
apparent brightness,視亮度,,牛津 Book E1 Ch3
apparent depth,視深,,牛津 Book 3A Ch2
apparent expansion,表觀膨脹,視膨脹,EDB 2020
apparent frequency,表觀頻率,視頻率,EDB 2020
apparent loss in weight,表觀失重,,EDB 2020
apparent magnitude,視星等,,牛津 Book E1 Ch3
apparent motion,視運動,,EDB 2020
apparent weight,表觀重量,,牛津 Book E1 Ch2
Appleton layer,阿普頓層,F 電離層,EDB 2020
aqueous layer,水層,,EDB 2020
Archimedes' principle,阿基米德原理,,EDB 2020
area,面積,,EDB 2020
argon,氬氣,氬（EDB）,牛津 Book E3 Ch2
armature,電樞,,EDB 2020
artefact,人工製品,,牛津 Book E2 Ch3
artificial contrast medium,人工顯影劑,人工造影劑（EDB）,牛津 Book E4 Ch3
artificial disintegration,人工蛻變,,EDB 2020
artificial radioactivity,人工放射,,EDB 2020
astable,非穩態的,,EDB 2020
astable circuit,非穩態電路,,EDB 2020
astable multivibrator,非穩態多諧振盪器,,EDB 2020
asteroid,小行星,,牛津 Book E1 Ch1
asteroid belt,小行星帶,,牛津 Book E1 Ch1
astigmatism,散光,像散（EDB）,牛津 Book E4 Ch1
astronaut,航天員,宇航員 / 太空人,EDB 2020
astronomical telescope,天文望遠鏡,,EDB 2020
astronomical unit,天文單位,,EDB 2020
astronomical unit (AU),天文單位,,牛津 Book E1 Ch1
at infinity,在無窮遠處,,EDB 2020
at rest,靜止,,EDB 2020
atmosphere,大氣,大氣層 / 大氣壓,EDB 2020
atmospheric pressure,大氣壓強,,EDB 2020
atom,原子,,牛津 Book 4 Ch1
atomic bomb,原子彈,,牛津 Book 5 Ch3
atomic bond,原子鍵,,EDB 2020
atomic density,原子密度,,EDB 2020
atomic diameter,原子直徑,,EDB 2020
atomic energy,原子能,,EDB 2020
atomic mass,原子質量,,EDB 2020
atomic mass unit,原子質量單位,,EDB 2020
atomic mass unit (u),原子質量單位,,牛津 Book 5 Ch3
atomic model,原子模型,,EDB 2020
atomic nucleus,原子核,,EDB 2020
atomic number,原子序數,,牛津 Book 5 Ch2
atomic radius,原子半徑,,EDB 2020
atomic separation,原子間距,,EDB 2020
atomic size,原子大小,,EDB 2020
atomic spacing,原子間距,,EDB 2020
atomic structure,原子結構,,EDB 2020
atomic theory,原子論,,EDB 2020
atomizer,噴霧器,,EDB 2020
attenuation,衰減,,牛津 Book E4 Ch2
attenuation coefficient,衰減係數,,EDB 2020
attenuation profile,衰減輪廓,,牛津 Book E4 Ch3
attraction,吸引,,EDB 2020
attractive force,吸力,,EDB 2020
audible frequency range,聽頻範圍,,EDB 2020
audible signal,可聽訊號,,EDB 2020
audio frequency,聲頻,,EDB 2020
auditory nerve,聽神經,,牛津 Book E4 Ch2
autofocus,自動聚焦,自動對焦,EDB 2020
avalanche,電子雪崩,,EDB 2020
average acceleration,平均加速度,,EDB 2020
average power,平均功率,,EDB 2020
average speed,平均速率,,牛津 Book 2 Ch1
average velocity,平均速度,,牛津 Book 2 Ch1
avian influenza,禽流感,,牛津 Book E4 Ch3
Avogadro number,阿佛加德羅數,,EDB 2020
Avogadro's constant,阿佛加德羅常數,,EDB 2020
Avogadro's law,阿佛加德羅定律,,EDB 2020
axial,軸向的,沿軸的,EDB 2020
axial field,軸向場,,EDB 2020
axial resolution,軸向分辨率,,牛津 Book E4 Ch2
axial search coil,軸向探察綫圈,,EDB 2020
axis,軸,,EDB 2020
axis of rotation,轉軸,,EDB 2020
B-scan B-,掃描,,牛津 Book E4 Ch2
back e.m.f,反電動勢,,EDB 2020
back projection algorithm,反投影算法,,牛津 Book E4 Ch3
background radiation,本底輻射,,牛津 Book 5 Ch1
Bainbridge mass spectrometer,班布里奇質譜儀,,EDB 2020
balance,天平,秤 / 平衡,EDB 2020
balance arm,秤桿,平衡臂,EDB 2020
balance point,平衡點,,EDB 2020
balanced bridge,平衡電橋,,EDB 2020
balanced force,平衡力,,EDB 2020
ball bearing,球軸承,滾珠軸承,EDB 2020
ballistic galvanometer,衝擊電流計,衝擊檢流計,EDB 2020
ballistic pendulum,衝擊擺,,EDB 2020
Balmer series,巴耳末系,巴耳末光譜,EDB 2020
band spectrum,帶狀光譜,帶狀譜,EDB 2020
bandwidth,帶寬,,EDB 2020
bar code,條形碼,,EDB 2020
bar magnet,磁棒,,EDB 2020
bare wire,裸綫,,EDB 2020
barium,鋇,,EDB 2020
barium meal,鋇餐,,EDB 2020
barometer,氣壓計,,EDB 2020
barrier,障礙物,,EDB 2020
barrier layer,阻檔層,耗盡層,EDB 2020
barrier potential difference,阻檔層電勢差,阻檔層電位差,EDB 2020
Barton's pendulums,巴爾通擺,,EDB 2020
base,基極,,EDB 2020
base current,基極電流,,EDB 2020
basilar membrane,基底膜,,牛津 Book E4 Ch2
battery,電池組,,EDB 2020
battery charger,電池充電器,,EDB 2020
battery holder,電池座,,EDB 2020
beaker,燒杯,,EDB 2020
beam splitter,分束器,射束分離器,EDB 2020
beat,拍,,EDB 2020
beat frequency,拍頻,,EDB 2020
becquerel,貝克勒耳,貝克,EDB 2020
becquerel (Bq),貝克,,牛津 Book 5 Ch2
BeiDou Navigation Satellite System,北斗衞星導航系統,,牛津 Book E1 Ch2
bel,貝爾,貝,EDB 2020
bell jar,鐘形罩,,EDB 2020
Ben Feringa,費林加,,牛津 Book E2 Ch3
bench mat,實驗檯墊,,EDB 2020
Benjamin Franklin,富蘭克林,,牛津 Book 4 Ch1
Bernoulli's theorem,伯努利定律,,EDB 2020
beryllium,鈹,,EDB 2020
biasing circuit,偏壓電路,,EDB 2020
biasing voltage,偏壓,,EDB 2020
biconcave lens,雙凹透鏡,,EDB 2020
biconvex lens,雙凸透鏡,,EDB 2020
bicycle dynamo,自行車發電機,腳踏車發電機,EDB 2020
bifilar pendulum,雙綫擺,,EDB 2020
bifocal lens,雙焦距透鏡,,EDB 2020
Big Bang,大爆炸,,牛津 Book E1 Ch3
big bang model,大爆炸模型,,EDB 2020
bimetallic strip,雙層金屬片,雙金屬片,EDB 2020
binary adder,二進加法器,,EDB 2020
binary star,雙星,,EDB 2020
binding,結合,,EDB 2020
binding energy,結合能,,牛津 Book E3 Ch4
binoculars,雙筒望遠鏡,,牛津 Book E1 Ch1
biological half-life,生物半衰期,,牛津 Book E4 Ch3
bipolar,雙極的,,EDB 2020
birefraction,雙折射,,EDB 2020
bistable,雙穩態的,雙穩器,EDB 2020
bistable circuit,雙穩電路,,EDB 2020
bistable multivibrator,雙穩態多諧振盪器,,EDB 2020
bit,二進位制,位,EDB 2020
black body radiation,黑體輻射,,EDB 2020
black hole,黑洞,,EDB 2020
blackbody,黑體,,牛津 Book E1 Ch3
blackbody radiation,黑體輻射,,牛津 Book E1 Ch3
blade,扇葉,,牛津 Book E3 Ch4
blind spot,盲點,,牛津 Book E4 Ch1
block and tackle,滑輪組,,EDB 2020
block diagram,方框圖,,EDB 2020
blocking capacitor,隔直流電器容,,EDB 2020
blooming,敷霜,表面加膜,EDB 2020
blue shift,藍移,,牛津 Book E1 Ch3
Bohr atom,玻爾原子,,EDB 2020
Bohr orbit,玻爾軌道,,EDB 2020
Bohr radius,玻爾半徑,,EDB 2020
Bohr theory,玻爾理論,,EDB 2020
Bohr's model,玻爾模型,,EDB 2020
Bohr’s model,玻爾模型,,牛津 Book E2 Ch2
boil,沸騰,煮沸,EDB 2020
boiler,鍋爐,,EDB 2020
boiling point,沸點,,EDB 2020
bolometer,輻射熱計,,EDB 2020
Boltzmann constant,玻耳茲曼常數,玻耳茲曼常量,EDB 2020
bombardment,轟擊,,EDB 2020
bond energy,鍵能,,EDB 2020
bonding,鍵合,,EDB 2020
Bourdon gauge,布爾登氣壓計,,EDB 2020
bow wave,弓形波,舷波,EDB 2020
bowel,腸臟,,牛津 Book E4 Ch2
Boyle's law,波義耳定律,,EDB 2020
Brackett series,布喇開系,布喇開光譜,EDB 2020
Bragg angle,布喇格角,,EDB 2020
Bragg diffraction,布喇格衍射,布喇格繞射,EDB 2020
Bragg plane,布喇格平面,,EDB 2020
Bragg's law,布喇格定律,,EDB 2020
brake,制動器,,EDB 2020
breakdown potential,擊穿電勢,擊穿電位,EDB 2020
breaking point,斷點,,EDB 2020
breaking strength,抗斷強度,,EDB 2020
breaking stress,致斷應力,,EDB 2020
breeder reactor,增殖反應堆,,EDB 2020
bremsstrahlung,軔致輻射,,EDB 2020
Brewster's law,布魯斯特定律,,EDB 2020
bridge circuit,橋式電路,,EDB 2020
bridge rectifier,橋式整流器,,EDB 2020
bright fringe,亮紋,,EDB 2020
brightness,亮度,,EDB 2020
brightness mode (B-Mode),亮度模式 (B-模式),,EDB 2020
brittle,脆的,易碎的,EDB 2020
bromine,溴,,EDB 2020
Brownian movement,布朗運動,,EDB 2020
brush,電刷,,EDB 2020
bubble chamber,氣泡室,,EDB 2020
bubble raft model,泡筏模型,,EDB 2020
buckyball,布克球,,牛津 Book E2 Ch3
buffer,緩衝器,,EDB 2020
buffer circuit,緩衝電路,,EDB 2020
building envelope,建築物外牆,,EDB 2020
bulk modulus,體積彈性模量,,EDB 2020
Bunsen burner,本生燈,,EDB 2020
buoyancy,浮力,,EDB 2020
burette,滴定管,,EDB 2020
burette stand,滴定管架,,EDB 2020
burglar alarm,防盜警報器,防盜警鐘,EDB 2020
buzzer,蜂鳴器,,EDB 2020
by-pass,旁路,,EDB 2020
byte,二進位組,字節,EDB 2020
cable,電纜,,EDB 2020
cadmium sulphide,硫化鎘,,EDB 2020
caesium,銫,,EDB 2020
calcite,方解石,,EDB 2020
calibrate,校準,,牛津 Book 1 Ch1
calipers,測徑器,卡鉗,EDB 2020
calorie,卡路里,卡,EDB 2020
calorimeter,量熱器,,EDB 2020
camera,照相機,,EDB 2020
cancer cell,癌細胞,,EDB 2020
candela,坎德拉,,EDB 2020
cantilever,懸臂,,EDB 2020
canvas,畫布,,牛津 Book E2 Ch3
capacitance,電容,,EDB 2020
capacitance substitution box,換值電容箱,,EDB 2020
capacitive circuit,電容電路,,EDB 2020
capacitive component,電容性分量,,EDB 2020
capacitive coupling,電容耦合,,EDB 2020
capacitive discharge,電容性放電,,EDB 2020
capacitive reactance,容抗,,EDB 2020
capacitor,電容器,,EDB 2020
capacitor-input filter,電容輸入濾波器,,EDB 2020
capacity,容量,載量,EDB 2020
capillarity,毛細現象,毛細作用,EDB 2020
capillary depression,毛細下降,,EDB 2020
capillary rise,毛細上升,,EDB 2020
capillary tube,毛細管,,EDB 2020
capsule,囊,,EDB 2020
capture,俘獲,,EDB 2020
carbon,碳,,EDB 2020
carbon granule,碳顆粒,,EDB 2020
carbon nanotube,納米碳管,,牛津 Book E2 Ch3
carbon neutrality,碳中和,,牛津 Book 5 Ch3
carbon paper disc,圓形碳紙,,EDB 2020
carbon-14 dating,碳 14 年代測定法,,EDB 2020
carburettor,化油器,汽化器,EDB 2020
carrier wave,載波,,EDB 2020
carry,進位,,EDB 2020
castor oil,蓖麻油,,牛津 Book 4 Ch1
cataract,白內障,,EDB 2020
cathode,陰極,,牛津 Book E2 Ch1
cathode ray,陰極射綫,,EDB 2020
cathode ray deflection tube,陰極射綫偏轉管,,EDB 2020
cathode voltage,陰極電壓,,EDB 2020
cathode-ray oscilloscope,陰極射綫示波器,示波器,EDB 2020
cathode-ray tube,陰極射綫管,,EDB 2020
cavity resonator,空腔共振器,,EDB 2020
celestial body,天體,,牛津 Book E1 Ch1
celestial equator,天赤道,天球赤道,EDB 2020
celestial sphere,天球,,牛津 Book E1 Ch1
celestial telescope,天體望遠鏡,,EDB 2020
cell,電池,細胞,EDB 2020
Celsius temperature scale,攝氏温標,攝氏溫標（EDB）,牛津 Book 1 Ch1
centimetre,厘米,,EDB 2020
centralized low voltage power supply unit,中央控制低壓電源箱,,EDB 2020
centre of curvature,曲率中心,,EDB 2020
centre of gravity,重心,,EDB 2020
centre of mass,質心,,EDB 2020
centre of oscillation,振盪中心,,EDB 2020
centre-tapped transformer,中心抽頭變壓器,,EDB 2020
centrifugal force,離心力,,EDB 2020
centrifuge,離心機,,EDB 2020
centripetal acceleration,向心加速度,,EDB 2020
centripetal force,向心力,,EDB 2020
Chadwick,查德威克,,EDB 2020
chain reaction,連鎖反應,,牛津 Book 5 Ch3
change of state,物態變化,,EDB 2020
change-over switch,換向開關,,EDB 2020
Chang’e 4,嫦娥四號,,牛津 Book E1 Ch1
characteristic,特性,特徵,EDB 2020
characteristic curve,特性曲綫,,EDB 2020
characteristic line,特徵綫,特徵譜綫,EDB 2020
characteristic spectrum,特徵光譜,特徵譜,EDB 2020
charge,電荷,充電 / 起電,EDB 2020
charge carrier,載荷子,,EDB 2020
charge conservation,電荷守恆,,EDB 2020
charge density,電荷密度,,EDB 2020
charge distribution,電荷分佈,,EDB 2020
charge to mass ratio,荷質比,,EDB 2020
charged particle,帶電粒子,,EDB 2020
charging,起電,,牛津 Book 4 Ch1
charging by contact,接觸起電,,EDB 2020
charging by friction,摩擦起電,摩擦生電（EDB）,牛津 Book 4 Ch1
charging by induction,感應起電,,牛津 Book 4 Ch1
charging by sharing,授受起電,,牛津 Book 4 Ch1
charging time constant,充電時間常數,充電時間常量,EDB 2020
Charles Coulomb,庫倫,,牛津 Book 4 Ch1
Charles du Fay,篤費,,牛津 Book 4 Ch1
Charles K. Kao,高錕,,牛津 Book 3A Ch2
Charles' law,查理定律,,EDB 2020
China National Space Administration (CNSA),國家航天局,,EDB 2020
choke,扼流,抗流 / 扼流圈 / 抗流圈,EDB 2020
choke circuit,扼流電路,抗流電路,EDB 2020
Christian Doppler,多普勒,,牛津 Book E1 Ch3
chromatic aberration,色差,,EDB 2020
chromatic dispersion,色散,,EDB 2020
ciliary muscle,睫狀肌,,牛津 Book E4 Ch1
cinefilm soundtrack,電影膠片聲跡,,EDB 2020
circle of least confusion,最少模糊圈,明晰圈,EDB 2020
circuit,電路,,EDB 2020
circuit board,電路板,,EDB 2020
circuit breaker,斷路器,,EDB 2020
circuit symbol,電路符號,,EDB 2020
circular coil,環形綫圈,,EDB 2020
circular motion,圓周運動,,EDB 2020
circular orbit,圓周軌道,,EDB 2020
circular pulse,圓形脈衝,,EDB 2020
circular wave,圓形波,,牛津 Book 3B  Ch5
circular wavefront,圓形波陣面,圓形波前,EDB 2020
cladding,包覆層,,牛津 Book 3A Ch2
clamp,夾鉗,夾緊,EDB 2020
classical mechanics,經典力學,,EDB 2020
Claudius Ptolemy,托勒密,,牛津 Book E1 Ch1
cleave,裂開,,EDB 2020
clinical thermometer,體溫計,,EDB 2020
Clinton Davisson,大衞遜,,牛津 Book E2 Ch2
clip,夾子,,EDB 2020
clockwise moment,順時針力矩,,EDB 2020
closed circuit,閉合電路,,EDB 2020
closed pipe,閉管,,EDB 2020
closed tube,閉管,,EDB 2020
closed-loop control system,閉環控制系統,,EDB 2020
closed-loop gain,閉環增益,,EDB 2020
closed-loop voltage gain,閉環電壓增益,,EDB 2020
closely packed,密堆積的,,EDB 2020
cloud chamber,雲室,,EDB 2020
cloud chamber track,雲室徑跡,,EDB 2020
CLP,中電,,牛津 Book 4 Ch8
coaxial,共軸,同軸,EDB 2020
coaxial cable,同軸電纜,同軸綫,EDB 2020
cobalt,鈷,,EDB 2020
cochlea,耳蝸,,牛津 Book E4 Ch2
code,編碼,,EDB 2020
coder,編碼器,,EDB 2020
coefficient of dynamic friction,動摩擦係數,,EDB 2020
coefficient of friction,摩擦係數,,EDB 2020
coefficient of performance,性能係數,,EDB 2020
coefficient of performance (COP),性能係數,,牛津 Book E3 Ch1
coefficient of restitution,恢復係數,,EDB 2020
coefficient of static friction,靜摩擦係數,,EDB 2020
coefficient of viscosity,黏滯係數,,EDB 2020
coherent,相干的,,EDB 2020
coherent bundle fibre,相干光纖管束,,牛津 Book E4 Ch1
coherent sources,相干源,,牛津 Book 3B  Ch5
cohesion,內聚力,內聚,EDB 2020
cohesive force,內聚力,,EDB 2020
coil,綫圈,,EDB 2020
cold spot,冷點,,牛津 Book E4 Ch3
collector,集電極,集極,EDB 2020
collector current,集電極電流,集極電流,EDB 2020
collimator,準直管,準直儀,EDB 2020
collision,碰撞,,EDB 2020
colour,顏色,,EDB 2020
colour code,色碼,色標,EDB 2020
colour spectrum,色譜,,牛津 Book 3A Ch2
combinational logic,組合邏輯,,EDB 2020
comet,彗星,,牛津 Book E1 Ch1
common emitter,共發射極,,EDB 2020
common-mode voltage,共模電壓,,EDB 2020
commutator,換向器,,EDB 2020
compact fluorescent lamp (CFL),緊湊型熒光燈,,牛津 Book E3 Ch2
compass,指南針,羅盤,EDB 2020
complete circuit,完整電路,,EDB 2020
component,元件,分量 / 組分,EDB 2020
component of force,分力,,EDB 2020
compound microscope,複式顯微鏡,,EDB 2020
compound pendulum,複擺,,EDB 2020
compressed gas,壓縮氣體,,EDB 2020
compressibility,可壓縮性,壓縮係數 / 壓縮率,EDB 2020
compressible fluid,可壓縮性流體,,EDB 2020
compression,密部,,牛津 Book 3B  Ch4
compression spring balance,壓縮彈簧天平,,EDB 2020
compressor,壓縮機,,牛津 Book E3 Ch1
computed tomographic image (CT image),電腦斷層影像,,牛津 Book E4 Ch3
computed tomography,電腦斷層造影,,牛津 Book E4 Ch3
computed tomography (CT),電腦斷層造影,,牛津 Book E4 Ch3
computed tomography (CT) scanner,電腦斷層造影掃描儀,,EDB 2020
concave,凹,,EDB 2020
concave lens,凹透鏡,,EDB 2020
concave mirror,凹鏡,凹面鏡,EDB 2020
concentrated solar power,太陽能聚熱發電,,牛津 Book E3 Ch4
concentric capacitor,同心電容器,,EDB 2020
condensation,冷凝,凝結,EDB 2020
condensation nucleus,凝結核,凝聚核,EDB 2020
condensation point,凝點,凝結點,EDB 2020
Condenser,冷凝式,聚光器（EDB）,牛津 Book E3 Ch1
condensing coil,冷凝管道,,牛津 Book E3 Ch1
conductance,電導,,EDB 2020
conduction,傳導,,牛津 Book 1 Ch2
conductivity,傳導性,傳導率,EDB 2020
conductor,導體,,牛津 Book 1 Ch2
cone cell,視錐細胞,,牛津 Book E4 Ch1
cone of rays,光錐,,牛津 Book 3A Ch1
conical pendulum,錐擺,,EDB 2020
conjugate foci,共軛焦點,,EDB 2020
conservation of angular momentum,角動量守恆,,EDB 2020
conservation of charge,電荷守恆,,EDB 2020
conservation of energy,能量守恆,,EDB 2020
conservation of mechanical energy,機械能守恆,,EDB 2020
conservation of momentum,動量守恆,,EDB 2020
conservative force,守恆力,保守力,EDB 2020
conserved,守恆,,EDB 2020
constant acceleration,恆加速度,,EDB 2020
constant angular acceleration,恆角加速度,,EDB 2020
constant angular velocity,恆角速度,,EDB 2020
constant force,恆力,,EDB 2020
constant motion,恆速運動,,EDB 2020
constant pressure,定壓,,EDB 2020
constant speed,恆速率,,EDB 2020
constant temperature,定溫,,EDB 2020
constant velocity,恆速度,,EDB 2020
constant volume,定容,,EDB 2020
constant volume gas thermometer,定容氣體溫度計,,EDB 2020
constantan,康銅,,EDB 2020
constellation,星座,,牛津 Book E1 Ch1
constriction,頸縮,,EDB 2020
constructive interference,相長干涉,,牛津 Book 3B  Ch5
contact angle,接觸角,,EDB 2020
contact area,接觸面積,,EDB 2020
contact force,接觸力,,EDB 2020
continuity equation,連續性方程,,EDB 2020
continuous spectrum,連續光譜,連續譜,EDB 2020
continuous wave,連續波,,EDB 2020
contract,收縮,,EDB 2020
control experiment,對照實驗,比對實驗,EDB 2020
control grid,控制柵極,,EDB 2020
control rod,控制棒,,牛津 Book E3 Ch4
control system,控制系統,,EDB 2020
controlled nuclear fission,受控制裂變,,牛津 Book 5 Ch3
controlled nuclear fusion,受控核聚變,,牛津 Book 5 Ch3
convection,對流,,牛津 Book 1 Ch2
convection current,對流,,牛津 Book 1 Ch2
converge,會聚,,EDB 2020
convergent,會聚,,牛津 Book 3A Ch1
converging lens,會聚透鏡,,EDB 2020
converging mirror,會聚鏡,,EDB 2020
convex,凸,,EDB 2020
convex lens,凸透鏡,,EDB 2020
convex mirror,凸鏡,凸面鏡,EDB 2020
coolant,冷卻劑,,牛津 Book E3 Ch4
cooling by evaporation,蒸發致冷,,EDB 2020
cooling capacity,冷卻能力,製冷能力,牛津 Book E3 Ch1
cooling correction,冷卻修正,,EDB 2020
cooling curve,冷卻曲綫,,EDB 2020
cooling effect,冷卻效應,,EDB 2020
cooling system,冷卻系統,散熱系統,EDB 2020
coplanar forces,共面力,,EDB 2020
core,心,核心,EDB 2020
Coriolis force,科里奧利力,,EDB 2020
corkscrew rule,螺旋法則,,EDB 2020
cornea,角膜,,牛津 Book E4 Ch1
corona discharge,電暈放電,,EDB 2020
coronary artery,冠狀動脈,,牛津 Book E4 Ch3
coronavirus,冠状病毒,,牛津 Book 2 Ch1
corpuscular theory of light,光的微粒學說,,EDB 2020
correction,矯正,修正,EDB 2020
cosmic radiation,宇宙輻射,,EDB 2020
cosmology,宇宙學,,牛津 Book 5 Ch3
coulomb,庫倫,,EDB 2020
coulomb (C),庫倫,,牛津 Book 4 Ch1
Coulomb's law,庫倫定律,,EDB 2020
Coulomb’ s constant,庫倫常數,,牛津 Book 4 Ch1
Coulomb’ s law,庫倫定律,,牛津 Book 4 Ch1
Coulomb’s law,庫倫定律,,牛津 Book 4 Ch1
count rate,計數率,,牛津 Book 5 Ch1
counter,計數器,,EDB 2020
counter weight,平衡錘,配重,EDB 2020
couple,力偶,,EDB 2020
coupled oscillation,耦合振盪,,EDB 2020
coupling,耦合,,EDB 2020
coupling gel,耦合凝膠,,牛津 Book E4 Ch2
covalent bond,共價鍵,,EDB 2020
craft,工藝,,牛津 Book E2 Ch3
crane magnet,起重磁鐵,,EDB 2020
Crater,隕石坑,,牛津 Book E1 Ch1
creep,蠕變,,EDB 2020
crest,波峯,波峰（EDB）,牛津 Book 3B  Ch4
critical angle,臨界角,,牛津 Book 3A Ch2
critical damping,臨界阻尼,,EDB 2020
critical mass,臨界質量,,牛津 Book 5 Ch3
critical point,臨界點,,EDB 2020
critical temperature,臨界溫度,,EDB 2020
critical velocity,臨界速度,,EDB 2020
crocodile clip,鱷魚夾,,EDB 2020
cross hairs,十字絲,叉絲,EDB 2020
cross-sectional area,截面積,,EDB 2020
Crova's disc,克羅瓦盤,,EDB 2020
crystal,晶體,,EDB 2020
crystal diffraction,晶體衍射,晶體繞射,EDB 2020
crystal lattice,晶體點陣,晶體格子 / 晶格,EDB 2020
crystal planes,晶面,,EDB 2020
crystalline,結晶的,,EDB 2020
crystallization,結晶,,EDB 2020
crystallography,晶體學,,EDB 2020
cubical expansivity,體積膨脹係數,體積膨脹率,EDB 2020
curie,居里,,EDB 2020
current,電流,,EDB 2020
current amplification,電流放大,,EDB 2020
current amplification factor,電流放大因素,,EDB 2020
current amplifier,電流放大器,,EDB 2020
current balance,電流天平,,EDB 2020
current density,電流密度,,EDB 2020
current gain,電流增益,,EDB 2020
current intensity,電流強度,,EDB 2020
current pulse,電流脈衝,,EDB 2020
current sensitivity,電流靈敏度,,EDB 2020
current sensor,電流感應器,,牛津 Book 4 Ch2
current stabilizer,穩流器,,EDB 2020
current transfer characteristic,電流轉移特性,,EDB 2020
current-carrying conductor,載電流導體,,EDB 2020
curve of equal loudness,等響曲線,,牛津 Book E4 Ch2
curved mirror,曲面鏡,,EDB 2020
curves of equal loudness,等響曲綫,等響綫,EDB 2020
cyclotron,迴旋加速器,,EDB 2020
cylindrical concave lens,柱面凹透鏡,,EDB 2020
cylindrical concave mirror,柱面凹鏡,,EDB 2020
cylindrical convex lens,柱面凸透鏡,,EDB 2020
cylindrical convex mirror,柱面凸鏡,,EDB 2020
cylindrical lens,柱面透鏡,,EDB 2020
cylindrical mirror,柱面鏡,,EDB 2020
d.c. generator,直流發電機,,EDB 2020
d.c. motor,直流電動機,,EDB 2020
daily motion,週日運動,,EDB 2020
Dalton's law of partial pressures,道爾頓分壓定律,,EDB 2020
damped harmonic motion,阻尼諧動,,EDB 2020
damped harmonic oscillation,阻尼諧振,,EDB 2020
damped oscillation,阻尼振盪,,EDB 2020
damping,阻尼,,EDB 2020
damping force,阻尼力,,EDB 2020
dark fringe,暗紋,,EDB 2020
dark matter,暗物質,,牛津 Book E1 Ch3
data,數據,,EDB 2020
dating,年代測定,,EDB 2020
daughter nucleus,子核,,EDB 2020
daughter nuclide,子核素,,EDB 2020
David Scott,史考特,,牛津 Book 2 Ch2
de Broglie formula,德布羅意公式,,EDB 2020
de Broglie relation,德布羅意關係式,,EDB 2020
de Broglie wave,德布羅意波,,EDB 2020
de Broglie wavelength,德布羅意波長,,牛津 Book E2 Ch2
dead time,失效時間,,EDB 2020
decade capacitance box,十進電容箱,,EDB 2020
decade resistance box,十進電阻箱,,EDB 2020
decay,衰變,,EDB 2020
decay analogue,衰變模擬,,EDB 2020
decay constant,衰變常數,,牛津 Book 5 Ch2
decay curve,衰變曲線,衰變曲綫（EDB）,牛津 Book 5 Ch2
decay law,衰變定律,,EDB 2020
decay product,衰變產物,,EDB 2020
decay series,衰變系,,牛津 Book 5 Ch2
decelerate,減速,,EDB 2020
deceleration,減速度,,牛津 Book 2 Ch1
decibel,分貝,,EDB 2020
decibel (dB),分貝,,牛津 Book E4 Ch2
decode,譯碼,解碼,EDB 2020
decoder,譯碼器,解碼器,EDB 2020
deep sky object,深空天體,,EDB 2020
deferent,均輪,,牛津 Book E1 Ch1
deflection,偏轉,,EDB 2020
deflection plate,偏轉板,,EDB 2020
deflection system,偏轉系統,,EDB 2020
deflection tube,偏轉管,,EDB 2020
deformation,形變,,EDB 2020
degradation of energy,能量退降,能量遞降,EDB 2020
degree,度,,EDB 2020
degree Celsius,攝氏度,,EDB 2020
degree of freedom,自由度,,EDB 2020
demagnetization,去磁,退磁,EDB 2020
Democritus,德謨克利特,,牛津 Book 5 Ch2
demonstration diode,演示用二極管,,EDB 2020
demonstration meter,演示用電錶,,EDB 2020
dengue fever,登革熱,,牛津 Book E3 Ch4
density,密度,,EDB 2020
depletion layer,耗盡層,阻擋層,EDB 2020
depth of field,景深,,EDB 2020
derived quantity,導出量,,EDB 2020
derived unit,導出單位,,EDB 2020
destructive interference,相消干涉,,牛津 Book 3B  Ch5
detection,探測,,EDB 2020
detector,探測器,,EDB 2020
detector of radiation,輻射探測器,,EDB 2020
deterministic,確定的,,牛津 Book 5 Ch1
deuterium,氘,重氫,EDB 2020
deuteron,氘核,重氫核,EDB 2020
deviation,偏向,偏差,EDB 2020
device,裝置,設計 / 器件,EDB 2020
diamagnetism,抗磁性,,EDB 2020
diaphragm,光闌,膜片,EDB 2020
diatomic molecule,雙原子分子,,EDB 2020
Didier Queloz,奎洛茲,,牛津 Book E1 Ch3
dielectric,電介質,介電的,EDB 2020
dielectric constant,介電常數,介電常量 / 電容率,EDB 2020
dielectric polarization,電介質極化,,EDB 2020
dielectric strength,電介質強度,,EDB 2020
differential equation,微分方程,,EDB 2020
differential input voltage,差動輸入電壓,,EDB 2020
diffracted ray,衍射綫,繞射綫,EDB 2020
diffraction,衍射,繞射,牛津 Book 3B  Ch5
diffraction grating,衍射光柵,繞射光柵,EDB 2020
diffuse reflection,漫反射,,牛津 Book 3A Ch1
diffusion,擴散,漫射,EDB 2020
diffusion cloud chamber,擴散雲室,,牛津 Book 5 Ch1
digital,數字的,,EDB 2020
digital display,數字顯示,,EDB 2020
digital signal,數字訊號,,EDB 2020
digital-to-analogue conversion,數模轉換,,EDB 2020
dimension,量綱,因次 / 維 / 大小,EDB 2020
dimensional analysis,量綱分析,因次分析,EDB 2020
diminished,縮小,,EDB 2020
diode,二極管,,牛津 Book 4 Ch2
diode probe,二極管微波探測器,,EDB 2020
dioptre,屈光度,,牛津 Book E4 Ch1
dipole,偶極子,,EDB 2020
direct current,直流電,,EDB 2020
direction,方向,,牛津 Book 2 Ch1
direction of propagation,傳播方向,,EDB 2020
directly heated cathode,直熱式陰極,,EDB 2020
discharge,放電,,EDB 2020
discharging,放電,,牛津 Book 4 Ch1
disintegration,蛻變,,EDB 2020
dislocation,位錯,,EDB 2020
dispersion,色散,,牛津 Book 3A Ch2
dispersive power,色散能力,色散本領 / 色散率,EDB 2020
displacement,位移,,牛津 Book 2 Ch1
displacement can,排水罐,,EDB 2020
dissipate,消耗,,牛津 Book 4 Ch2
dissipative force,耗散力,,EDB 2020
distance,距離,,牛津 Book 2 Ch1
distortion,失真,扭曲 / 畸變,EDB 2020
disturbance,干擾,,EDB 2020
diverge,發散,,EDB 2020
divergent,發散,,牛津 Book 3A Ch1
diverging lens,發散透鏡,,EDB 2020
diverging mirror,發散鏡,,EDB 2020
division of amplitude,振幅分割,,EDB 2020
division of wavefront,波陣面分割,波前分割,EDB 2020
domain,疇,域,EDB 2020
domestic circuit,家居電路,,EDB 2020
donor,給予體,,EDB 2020
doped semiconductor,摻雜半導體,,EDB 2020
doping,摻雜,,EDB 2020
Doppler broadening,多普勒譜綫增寬,,EDB 2020
Doppler effect,多普勒效應,,牛津 Book E1 Ch3
Doppler shift,多普勒頻移,,牛津 Book E1 Ch3
dosage,劑量,,EDB 2020
dose,劑量,,牛津 Book 5 Ch1
dose rate,劑量率,,EDB 2020
double pulley,雙滑輪,,EDB 2020
double refraction,雙折射,,EDB 2020
double slit,雙縫,,EDB 2020
double star,雙星,,EDB 2020
double-pole-double-throw switch,雙刀雙擲開關,,EDB 2020
doublet,雙重綫,,EDB 2020
dough,麪糰,,牛津 Book E1 Ch3
drag force,阻力,曳力,EDB 2020
drift velocity,漂移速度,,EDB 2020
driver circuit,驅動電路,,EDB 2020
driver frequency,驅動頻率,,EDB 2020
driving cell,驅動電池,,EDB 2020
driving force,驅動力,,EDB 2020
driving mirror,行車後視鏡,,EDB 2020
dry battery,乾電池組,,EDB 2020
dry cell,乾電池,,EDB 2020
dual trace oscilloscope,雙跡示波器,,EDB 2020
ducted wind turbine,管道風力渦輪機,,EDB 2020
ductile,延性的,,EDB 2020
dwarf planet,矮行星,,牛津 Book E1 Ch1
dynamic equilibrium,動態平衡,,EDB 2020
dynamic friction,動摩擦,,EDB 2020
dynamic resistance,動態電阻,,EDB 2020
dynamics,動力學,,EDB 2020
dynamo,發電機,,EDB 2020
E. coli,大腸桿菌,,牛津 Book E2 Ch3
e.g. convex mirror,凸鏡,凸面鏡,EDB 2020
ear bone / ossicle,聽小骨,,牛津 Book E4 Ch2
eardrum,鼓膜,,牛津 Book E4 Ch2
earth,接地,地綫,EDB 2020
earthing,接地,,牛津 Book 4 Ch1
earthquake waves,地震波,,EDB 2020
ebonite,硬橡膠,硬質膠,EDB 2020
ebonite rod,硬橡膠棒,硬質膠棒,EDB 2020
echo,回聲,回波,牛津 Book E4 Ch2
ecliptic,黃道,,EDB 2020
eddy current,渦電流,渦流,EDB 2020
eddy current damping,渦流阻尼,,EDB 2020
eddy current loss,渦流損耗,,EDB 2020
Edwin Hubble,哈勃,,牛津 Book E1 Ch3
effective dose,有效劑量,,牛津 Book E4 Ch3
effective half-life,有效半衰期,,牛津 Book E4 Ch3
effective mass,有效質量,,EDB 2020
efficiency,效率,,牛津 Book 4 Ch8
effort,施力,,EDB 2020
Einstein's mass-energy relation,愛因斯坦質能關係式,,EDB 2020
Einstein's photoelectric equation,愛因斯坦光電方程,,EDB 2020
Einstein’ s photoelectric equation,愛因斯坦光電方程,,牛津 Book E2 Ch1
Ejnar Hertzsprung,赫茲普龍,,牛津 Book E1 Ch3
elastic collision,彈性碰撞,,EDB 2020
elastic constant,彈性常數,彈性常量,EDB 2020
elastic deformation,彈性形變,,EDB 2020
elastic hysteresis,彈性滯後,,EDB 2020
elastic limit,彈性極限,,EDB 2020
elastic potential energy,彈性勢能,,牛津 Book 2 Ch6
elastic strain energy,彈性應變能,,EDB 2020
elasticity,彈性,,EDB 2020
electric bell,電鈴,,EDB 2020
electric charge,電荷,,牛津 Book 4 Ch1
electric current,電流,,牛津 Book 4 Ch2
electric field,電場,,牛津 Book 4 Ch1
electric field intensity,電場強度,,EDB 2020
electric field pattern,電場圖形,,EDB 2020
electric field strength,電場強度,,牛津 Book 4 Ch1
electric fire,電暖爐,,EDB 2020
electric force,電力,,牛津 Book 4 Ch1
electric hotplate,電熱平板爐,,牛津 Book E3 Ch1
electric line of force,電力綫,,EDB 2020
electric motor,電動機,,EDB 2020
electric potential,電勢,,牛津 Book 4 Ch2
electric potential energy,電勢能,,牛津 Book 4 Ch1
electric power,電功率,,EDB 2020
electric shock,電震,,EDB 2020
electric vehicle,電動車,,牛津 Book E3 Ch3
electrical appliance,電器,,EDB 2020
electrical conductivity,導電率,,EDB 2020
electrical energy,電能,,EDB 2020
electrical oscillation,電振盪,,EDB 2020
electrical potential energy,電勢能,電位能,EDB 2020
electrical power,電功率,,牛津 Book 4 Ch2
electrical resonance,電共振,,EDB 2020
electricity,電,電學,EDB 2020
electrode,電極,,EDB 2020
electrolysis,電解,,EDB 2020
electrolyte,電解質,,牛津 Book 4 Ch2
electrolytic,電解質的,電解的,EDB 2020
electrolytic capacitor,電解質電容器,,EDB 2020
electromagnet,電磁鐵,電磁體,EDB 2020
electromagnetic coil,電磁感應圈,,EDB 2020
electromagnetic contact,電磁觸點,,EDB 2020
electromagnetic force,電磁力,,EDB 2020
electromagnetic induction,電磁感應,,EDB 2020
electromagnetic moment,電磁矩,,EDB 2020
electromagnetic oscillation,電磁振盪,,EDB 2020
electromagnetic radiation,電磁輻射,,EDB 2020
electromagnetic spectrum,電磁波譜,,EDB 2020
electromagnetic wave,電磁波,,EDB 2020
electromagnetism,電磁學,,牛津 Book 4 Ch1
electrometer,靜電計,,EDB 2020
electromotive force,電動勢,,EDB 2020
electromotive force (e.m.f.),電動勢,,牛津 Book 4 Ch2
electron,電子,,牛津 Book 5 Ch2
electron beam,電子束,,EDB 2020
electron cloud,電子雲,,EDB 2020
electron diffraction,電子衍射,電子繞射,EDB 2020
electron drift,電子漂移,,EDB 2020
electron energy level,電子能級,,EDB 2020
electron gun,電子槍,,EDB 2020
electron transition,電子躍遷,,牛津 Book E2 Ch2
electron tube,電子管,,EDB 2020
electron-volt,電子伏特,電子伏,EDB 2020
electron-volt (eV),電子伏,,牛津 Book 5 Ch3
electronic cochlea implant,電子耳蝸植入,,EDB 2020
electronics,電子學,,EDB 2020
electrophorus,起電盤,,EDB 2020
electroscope,驗電器,,EDB 2020
electrostatic bond,靜電鍵,,EDB 2020
electrostatic field apparatus,靜電場儀器,,EDB 2020
electrostatic force,靜電力,,牛津 Book 4 Ch1
electrostatic induction,靜電感應,,牛津 Book 4 Ch1
electrostatic precipitation,靜電沉澱法,,EDB 2020
electrostatics,靜電學,,牛津 Book 4 Ch1
element,元素,,牛津 Book 5 Ch2
elliptic orbit,橢圓軌道,,EDB 2020
elliptical orbit,橢圓軌道,,牛津 Book E1 Ch2
elongation,伸長度,,EDB 2020
emergent ray,出射綫,,EDB 2020
emission,發射,,EDB 2020
emission line,發射譜綫,,EDB 2020
emission spectrum,發射光譜,,牛津 Book E2 Ch2
emission spectrum (pl. spectra),發射光譜,,牛津 Book E2 Ch2
emissivity,發射率,比輻射率,EDB 2020
emit,發射,,EDB 2020
emitter,發射極,射極,EDB 2020
emitter current,發射極電流,射極電流,EDB 2020
empirical evidence,經驗證據,,牛津 Book 2 Ch2
enamelled wire,漆包綫,,EDB 2020
encode,編碼,,EDB 2020
encoder,編碼器,,EDB 2020
end-correction,端部修正,管口校正量,EDB 2020
end-on collision,同向碰撞,尾追碰撞,EDB 2020
end-use energy efficiency,最終能源效益,,牛津 Book E3 Ch1
endoscope,內窺鏡,,EDB 2020
energetic particle,高能粒子,,EDB 2020
energy,能量,能,EDB 2020
energy band,能帶,,EDB 2020
energy conversion,能量轉換,,EDB 2020
energy conversion efficiency,能量轉換效率,,EDB 2020
energy converter,能量轉換器,,EDB 2020
Energy Efficiency Index,能源效益指數,,牛津 Book E3 Ch1
Energy Efficiency Labelling Scheme (EELS),能源效益標籤計劃,,牛津 Book E3 Ch1
energy input,能量輸入,,EDB 2020
energy level,能級,,牛津 Book E2 Ch2
energy output,能量輸出,,EDB 2020
energy transfer,能量轉移,,EDB 2020
energy-saving devices,節約能源裝置,,EDB 2020
enriched uranium,濃縮鈾,,EDB 2020
Enrico Fermi,費米,,牛津 Book 5 Ch3
enteric fermentation,腸內發酵,,牛津 Book E3 Ch4
Environmental Radiation Monitoring Programme,環境輻射監測計劃,,牛津 Book 5 Ch3
epicycle,本輪,,牛津 Book E1 Ch1
epidemic,傳染病,,牛津 Book E4 Ch3
equation of continuity,連續性方程,,EDB 2020
equation of state,物態方程,,EDB 2020
equation of uniformly accelerated motion,勻加速運動方程,,EDB 2020
equations of uniformly accelerated motion,勻加速運動方程,,牛津 Book 2 Ch2
equatorial orbit,赤道軌道,,EDB 2020
equilibrium,平衡,,EDB 2020
equilibrium condition,平衡條件,,EDB 2020
equilibrium position,平衡位置,,牛津 Book 3B  Ch4
equilibrium spacing,平衡間距,,EDB 2020
equipartition of energy,能量均分,,EDB 2020
equipotential,等勢的,等位的,EDB 2020
equipotential line,等勢綫,等位綫,EDB 2020
equipotential surface,等勢面,等位面,EDB 2020
equivalent capacitance,等效電容,,EDB 2020
equivalent dose,當量劑量,,牛津 Book 5 Ch1
equivalent inductance,等效電感,,EDB 2020
equivalent resistance,等效電阻,,牛津 Book 4 Ch2
equivalent temperature difference,等效温差,,牛津 Book E3 Ch3
erect,正立,,EDB 2020
Ernest Marsden,馬斯登,,牛津 Book E2 Ch2
Ernest Rutherford,盧瑟福,,牛津 Book 5 Ch1
error,誤差,,牛津 Book 2 Ch1
escape velocity,逃逸速度,,牛津 Book E1 Ch2
ether,以太,醚,EDB 2020
eureka wire,電阻線,,牛津 Book 4 Ch2
evacuation,抽成真空,,EDB 2020
evaporation,蒸發,,EDB 2020
evaporator coil,蒸發管道,,牛津 Book E3 Ch1
evolutionary,演變的,,牛津 Book 2 Ch2
excess pressure,超壓,逾電壓,EDB 2020
excitation,激發,,EDB 2020
excitation energy,激發能,,牛津 Book E2 Ch2
excitation potential,激發電勢,激發電位,EDB 2020
excitation voltage,激發電壓,,EDB 2020
excited,受激,,EDB 2020
excited energy level,受激能級,,EDB 2020
excited state,受激態,,牛津 Book E2 Ch2
exoplanet,太陽系外行星,,牛津 Book E1 Ch1
exotic celestial body,奇異天體,,EDB 2020
expansion,膨脹,,EDB 2020
expansion valve,膨脹閥,,牛津 Book E3 Ch1
expansivity,膨脹係數,膨脹率,EDB 2020
exponential change,指數式改變,,EDB 2020
exponential decay,指數式衰變,,牛津 Book 5 Ch2
exposure,曝光量,照射,EDB 2020
extension,伸長,,EDB 2020
external force,外力,,EDB 2020
external work,外功,,EDB 2020
extra high tension,超高電壓,,EDB 2020
extra high tension (EHT) power supply,超高電壓電源,,牛津 Book 4 Ch1
extra-nuclear structure,核外結構,,EDB 2020
extraordinary ray,非常光綫,,EDB 2020
extrapolation,外推,外推法,EDB 2020
extrasolar planet,太陽系外行星,,EDB 2020
extraterrestrial life,地外生命,,EDB 2020
extrinsic semiconductor,含雜質半導體,,EDB 2020
eyepiece,接目鏡,目鏡,EDB 2020
false negative,假陰性,,EDB 2020
false positive,假陽性,,EDB 2020
far point,遠點,,牛津 Book E4 Ch1
farad,法拉,,EDB 2020
Faraday constant,法拉第常數,法拉第常量,EDB 2020
Faraday's law of electromagnetic induction,法拉第電磁感應定律,,EDB 2020
fast breeder reactor,快中子增殖反應堆,,EDB 2020
feedback,反饋,,EDB 2020
feedback amplifier,反饋放大器,,EDB 2020
feedback resistance,反饋電阻,,EDB 2020
ferromagnetic substance,鐵磁性物質,,EDB 2020
ferromagnetism,鐵磁性,,EDB 2020
fibre optic endoscope,光纖內窺鏡,,牛津 Book E4 Ch1
fibre optic endoscopy,光纖內窺鏡檢查術,,牛津 Book E4 Ch1
fictitious force,假力,偽力,EDB 2020
fidelity,保真性,保真度,EDB 2020
field coil,場綫圈,,EDB 2020
field effect transistor,場效應晶體管,,EDB 2020
field intensity,場強,,EDB 2020
field line,場力線,,牛津 Book 4 Ch1
field lines,場力綫,,EDB 2020
field magnet,場磁鐵,場磁體,EDB 2020
field of view,視場,視野,EDB 2020
field strength,場強,,EDB 2020
figure of merit,優值,靈敏值,EDB 2020
filament,燈絲,絲極,EDB 2020
filter,濾光片,濾鏡,EDB 2020
filter capacitor,濾波電容器,,EDB 2020
filter circuit,濾波電路,,EDB 2020
filter pump,濾泵,,EDB 2020
final state,終態,末態,EDB 2020
final velocity,末速度,,EDB 2020
fine-adjustment,微調,細調,EDB 2020
fire alarm,火警警報器,火警鐘,EDB 2020
first law of thermodynamics,熱力學第一定律,,EDB 2020
first order spectrum,第一級光譜,第一級譜,EDB 2020
fissile,可裂變的,,牛津 Book 5 Ch3
fission,裂變,,EDB 2020
fission reactor,裂變反應堆,,EDB 2020
fixed point,定點,,EDB 2020
fixed pulley,定滑輪,,EDB 2020
fixed resistor,定值電阻器,,EDB 2020
flat coil,扁平綫圈,,EDB 2020
flat solenoid,扁平螺綫管,,EDB 2020
flat-bottomed flask,平底燒瓶,,EDB 2020
Fleming's left hand rule,弗林明左手定則,,EDB 2020
Fleming's right hand rule,弗林明右手定則,,EDB 2020
floating body,浮體,,EDB 2020
fluid,流體,,EDB 2020
fluid dynamics,流體動力學,,EDB 2020
fluorescence,熒光反應,螢光（EDB）,牛津 Book E3 Ch2
fluorescent lamp,螢光燈,,EDB 2020
fluorescent screen,螢光屏,螢光幕,EDB 2020
fluorescent tube lamp (FTL),熒光燈,,牛津 Book E3 Ch2
flux,通量,,EDB 2020
flux density,通量密度,,EDB 2020
fly-back,回掃,,EDB 2020
flywheel,飛輪,,EDB 2020
focal length,焦距,,EDB 2020
focal plane,焦平面,,EDB 2020
focus,焦點,聚焦 / 對焦,EDB 2020
focus (pl. foci),焦點,,牛津 Book E1 Ch2
focus control,聚焦控制,,EDB 2020
follower circuit,跟隨電路,,EDB 2020
foot pump,腳踏泵,,EDB 2020
force,力,,EDB 2020
force constant,力常數,力常量,EDB 2020
force polygon,力多邊形,,EDB 2020
force resolution,力的分解,,EDB 2020
force triangle,力三角形,,EDB 2020
forced oscillation,受迫振盪,,EDB 2020
former,框,,EDB 2020
forward biased,正向偏壓,,EDB 2020
forward current,正向電流,,EDB 2020
fossil fuel,化石燃料,,牛津 Book E3 Ch4
Foucault's rotating mirror method,傅科旋轉鏡法,,EDB 2020
frame of reference,參考座標系,參考系,EDB 2020
Fraser Stoddart,斯托達特,,牛津 Book E2 Ch3
Fraunhofer diffraction,夫琅和費衍射,夫琅和費繞射,EDB 2020
Fraunhofer lines,夫琅和費線,夫琅和費譜綫（EDB）,牛津 Book E2 Ch2
free electron,自由電子,,牛津 Book 1 Ch2
free fall,自由下落,自由下墜（EDB）,牛津 Book 2 Ch2
free falling body,自由落體,,EDB 2020
free oscillation,自由振盪,,EDB 2020
free path,自由程,,EDB 2020
free space,自由空間,,EDB 2020
free-body diagram,孤立物體圖,自由體圖 / 隔離體圖,EDB 2020
freeze,凝固,,EDB 2020
freezing point,凝固點,,EDB 2020
freon,氟利昂,二氯二氟甲烷,EDB 2020
frequency,頻率,,牛津 Book 3B  Ch4
frequency modulation,調頻,頻率調制,EDB 2020
frequency response,頻率響應,,EDB 2020
Fresnel diffraction,菲涅耳衍射,菲涅耳繞射,EDB 2020
Fresnel's biprism,菲涅耳雙稜鏡,,EDB 2020
friction,摩擦,摩擦力,EDB 2020
friction compensated,補償摩擦作用,,EDB 2020
frictionless motion,無摩擦運動,,EDB 2020
fringe,條紋,,EDB 2020
fringe pattern,條紋圖形,,EDB 2020
fuel rod,燃料棒,,EDB 2020
Fukushima,福島,,牛津 Book E3 Ch4
fulcrum,支點,,EDB 2020
full adder,全加法器,,EDB 2020
full-scale deflection,滿標偏轉,,EDB 2020
full-wave rectification,全波整流,,EDB 2020
full-wave rectifier,全波整流器,,EDB 2020
fullerene,富勒烯,碳簇 / 富勒體,EDB 2020
fundamental frequency,基頻,,EDB 2020
fundamental mode of vibration,基諧振動模式,,EDB 2020
fundamental note,基音,,EDB 2020
fundamental quantity,基本量,,EDB 2020
fundamental unit,基本單位,,EDB 2020
fuse,保險絲,,EDB 2020
fuse rating,保險絲額定值,,EDB 2020
fusion,熔解,,EDB 2020
fusion point,熔點,,EDB 2020
fusion reactor,聚變反應堆,,EDB 2020
G. P. Thomson,喬治湯姆生,,牛津 Book E2 Ch2
gain,增益,,EDB 2020
gain control,增益控制,,EDB 2020
galaxy,星系,,牛津 Book E1 Ch1
galaxy cluster,星系團,,牛津 Book E1 Ch1
Galilean satellites,伽利略衛星,,EDB 2020
Galilean telescope,伽利略望遠鏡,,EDB 2020
Galileo Galilei,伽利略,,牛津 Book 2 Ch2
Galileo's thought experiment,伽利略假想實驗,,EDB 2020
galvanometer,檢流計,電流計（EDB）,牛津 Book 4 Ch2
gamma camera,伽瑪照相機,伽瑪攝影儀 / 伽瑪攝影機,EDB 2020
gamma radiation,伽瑪輻射,,EDB 2020
gamma ray,伽瑪射綫,,EDB 2020
gap,隙,,EDB 2020
gas,氣,氣體,EDB 2020
gas discharge lamp,氣體放電燈,,牛津 Book E3 Ch2
gas pressure,氣體強壓,氣壓,EDB 2020
gaseous phase,氣相,,EDB 2020
gaseous state,氣態,,EDB 2020
gauge,規,計,EDB 2020
Gauss theorem,高斯定理,,EDB 2020
Geiger counter,蓋革計數器,,EDB 2020
general gas equation,普適氣體方程,,EDB 2020
general gas law,普適氣體定律,,EDB 2020
general theory of relativity,廣義相對論,,牛津 Book 5 Ch3
generator,發電機,,EDB 2020
genetic effect,遺傳效應,,EDB 2020
geocentric model,地心模型,,牛津 Book E1 Ch1
geometrical optics,幾何光學,,EDB 2020
Georg Ohm,歐姆,,牛津 Book 4 Ch2
George Westinghouse,威斯汀豪斯,,牛津 Book 4 Ch8
Georges Seurat,秀拉,,牛津 Book E2 Ch3
germanium,鍺,,EDB 2020
ghost effect,疊影效應,,EDB 2020
giant,巨星,,牛津 Book E1 Ch3
glancing angle,掠射角,,EDB 2020
glare,眩光,,牛津 Book 3A Ch1
glass fibre,玻璃纖維,,EDB 2020
global warming,全球暖化,,牛津 Book 1 Ch2
globular cluster,球狀星團,,牛津 Book E1 Ch1
glycerine,甘油,,EDB 2020
gold foil,金箔,,EDB 2020
gold leaf electroscope,金箔驗電器,,牛津 Book 4 Ch1
gradient,斜率,梯度,EDB 2020
graduated cylinder,量筒,,EDB 2020
Graham's law of diffusion,格拉哈姆擴散定律,,EDB 2020
grain,粒,晶粒,EDB 2020
gramophone record,唱片,唱碟,EDB 2020
granule,顆粒,米粒,EDB 2020
graph,圖,綫圖 / 圖表,EDB 2020
graphene,石墨烯,,牛津 Book E2 Ch3
graphical method,圖解法,,EDB 2020
grating,光柵,,EDB 2020
grating spectrometer,光柵光譜儀,光柵分光計,EDB 2020
gravitational acceleration,重力加速度,,EDB 2020
gravitational attraction,引力,重力,EDB 2020
gravitational constant,引力常數,引力常量,EDB 2020
gravitational field,引力場,重力場,EDB 2020
gravitational force,引力,重力,EDB 2020
gravitational mass,引力質量,,EDB 2020
gravitational potential,引力勢,重力勢,EDB 2020
gravitational potential difference,引力勢差,重力勢差,EDB 2020
gravitational potential energy,重力勢能,引力勢能（EDB）,牛津 Book 2 Ch6
gravity,重力,,牛津 Book 2 Ch2
grazing incidence,掠入射,切入射,EDB 2020
Great Square of Pegasus,秋季大四方,,牛津 Book E1 Ch1
greenhouse effect,温室效應,溫室效應（EDB）,牛津 Book 1 Ch2
greenhouse gas,温室氣體,溫室氣體（EDB）,牛津 Book E3 Ch4
grid,柵極,,EDB 2020
grid control,柵極控制,,EDB 2020
grid system,電網系統,,牛津 Book 4 Ch8
groove,紋道,針槽 / 開槽,EDB 2020
ground,接地,,EDB 2020
ground state,基態,,牛津 Book E2 Ch2
Guangdong Daya Bay Nuclear Power Station,廣東大亞灣核電站,,牛津 Book 5 Ch3
Gustav Kirchhoff,基爾霍夫,,牛津 Book E2 Ch2
hair cell,毛細胞,,牛津 Book E4 Ch2
hair spring,游絲,,EDB 2020
half adder,半加法器,,EDB 2020
half-life,半衰期,,牛津 Book 5 Ch2
half-silvered mirror,半鍍銀鏡,,EDB 2020
half-value thickness,半值厚度,,牛津 Book E4 Ch3
half-wave rectification,半波整流,,EDB 2020
half-wave rectifier,半波整流器,,EDB 2020
Hall effect,霍耳效應,,EDB 2020
Hall probe,霍耳探測器,,EDB 2020
Hall voltage,霍耳電壓,,EDB 2020
halogen lamp,鹵素燈,,EDB 2020
hand stroboscope,手動式頻閃觀測器,,EDB 2020
Hans Geiger,蓋革,,牛津 Book E2 Ch2
harmonic,諧音,,EDB 2020
harmonic motion,諧運動,,EDB 2020
harmonic oscillation,諧振盪,,EDB 2020
head-on collision,對正碰撞,正碰,EDB 2020
heat,熱,,牛津 Book 1 Ch2
heat absorbent,吸熱劑,,EDB 2020
heat absorber,吸熱器,,EDB 2020
heat absorption,吸熱,熱吸收,EDB 2020
heat capacity,熱容量,,牛津 Book 1 Ch3
heat conduction,熱傳導,,EDB 2020
heat exchange,熱交換,,EDB 2020
heat flow,熱流,,EDB 2020
heat gain,熱增益,得熱,EDB 2020
heat insulation,熱絕緣,隔熱,EDB 2020
heat loss,熱損耗,失熱,EDB 2020
heat proof,耐熱的,隔熱的,EDB 2020
heat pump,抽熱機,熱泵（EDB）,牛津 Book E3 Ch1
heat radiation,熱輻射,,EDB 2020
heat recovery chiller,熱回收冷水機組,,牛津 Book E3 Ch1
heat reservoir,熱庫,儲熱器,EDB 2020
heat sink,熱壑,,EDB 2020
heat transfer,熱傳遞,熱轉移,EDB 2020
heat-transfer fluid,熱媒油,,牛津 Book E3 Ch4
heater,發熱器,加熱器,EDB 2020
heating,加熱,,牛津 Book 1 Ch2
heating curve,加熱曲線,,EDB 2020
heating effect,熱效應,,EDB 2020
heating element,發熱元件,,EDB 2020
Heinrich Hertz,赫茲,,牛津 Book 3B  Ch4
heliocentric model,日心模型,,牛津 Book E1 Ch1
Helmholtz,亥姆霍茲,,牛津 Book 2 Ch6
Helmholtz coils,亥姆霍茲綫圈,,EDB 2020
Henri Becquerel,貝克勒耳,,牛津 Book 5 Ch1
henry,亨利,亨,EDB 2020
Henry Norris Russell,羅素,,牛津 Book E1 Ch3
heretic,犯異端罪者,,牛津 Book E1 Ch1
hertz,赫茲,赫,EDB 2020
hertz (Hz),赫茲,,牛津 Book 3B  Ch4
Hertzsprung-Russell diagram (H-R diagram),赫羅圖,,牛津 Book E1 Ch3
Higgs boson,希格斯玻色子,,牛津 Book E2 Ch2
high dispersion prism,高色散稜鏡,,EDB 2020
high tension,高電壓,,EDB 2020
high tension cable,高壓電纜,,EDB 2020
Hiroshima,廣島,,牛津 Book 5 Ch3
HK Electric,港燈,,牛津 Book 4 Ch8
Hohmann transfer orbit,霍曼轉移軌道,,牛津 Book E1 Ch2
hole,空穴,空子,EDB 2020
hollow plastic lens,空心塑料透鏡,,EDB 2020
hollow plastic prism,空心塑料稜鏡,,EDB 2020
hologram,全息圖,,EDB 2020
holography,全息術,全息學,EDB 2020
Hooke's law,虎克定律,,EDB 2020
horizontal,水平,,EDB 2020
horizontal component,水平分量,,EDB 2020
horizontal deflection,水平偏轉,,EDB 2020
horsepower,馬力,,牛津 Book 1 Ch3
horseshoe magnet,蹄形磁鐵,,EDB 2020
hot cathode,熱陰極,,EDB 2020
hot spot,熱點,,牛津 Book E4 Ch3
hour,小時,,EDB 2020
Hubble Space Telescope,哈勃空間望遠鏡,哈勃太空望遠鏡,EDB 2020
Huygens' principle,惠更斯原理,,EDB 2020
hybrid car,混合動力車,,牛津 Book E3 Ch3
hybrid vehicle,混合動力車,,牛津 Book E3 Ch3
hydraulic press,水壓機,,EDB 2020
hydroelectric power,水力發電,,牛津 Book E3 Ch4
hydrogen bomb,氫彈,,牛津 Book 5 Ch3
hygrometer,濕度計,,EDB 2020
hyperbolic orbit,雙曲綫軌道,,EDB 2020
hypermetropia,遠視,,EDB 2020
hypodermic needle,皮下注射針頭,,EDB 2020
hypodermic syringe,皮下注射針筒,,EDB 2020
hypothesis,假說,假設,EDB 2020
hypothesis (pl. hypotheses),假說,,牛津 Book E1 Ch1
hysteresis,滯後現象,,EDB 2020
ideal gas,理想氣體,,EDB 2020
ideal gas equation,理想氣體方程,,EDB 2020
ideal gas law,理想氣體定律,,EDB 2020
ideal gas temperature scale,理想氣體溫標,,EDB 2020
ideal machine,理想機械,,EDB 2020
igloo,冰屋,,牛津 Book 1 Ch2
illuminance,照明度,光照度,牛津 Book E3 Ch2
illuminate,照明,照亮,EDB 2020
image,像,,牛津 Book 3A Ch1
image distance,像距,,EDB 2020
image reconstruction algorithm,圖像重建算法,影像重建算法,EDB 2020
immerse,浸沒,,EDB 2020
immersion heater,浸沒式電熱器,,EDB 2020
impact,碰撞,,EDB 2020
impedance,阻抗,,EDB 2020
impulse,衝量,,EDB 2020
impurity,雜質,,EDB 2020
in antiphase,反相,,牛津 Book 3B  Ch4
in focus,焦點對準,,EDB 2020
in parallel,並聯,,牛津 Book 4 Ch2
in phase,同相,,牛津 Book 3B  Ch4
in series,串聯,,牛津 Book 4 Ch2
incandescent lamp,白熾燈,,牛津 Book E3 Ch2
incident ray,入射線,入射綫（EDB）,牛津 Book 3A Ch1
incident wavefront,入射波陣面,入射波前,EDB 2020
inclined plane,斜面,,EDB 2020
incoherent,不相干的,,EDB 2020
incoherent bundle fibre,不相干光纖管束,,牛津 Book E4 Ch1
incompressible fluid,非壓縮性流體,,EDB 2020
indicator,指示器,,EDB 2020
indirectly heated cathode,旁熱式陰極,,EDB 2020
induced charge,感生電荷,,牛津 Book 4 Ch1
induced current,感生電流,,EDB 2020
induced e.m.f,感生電動勢,,EDB 2020
induced voltage,感生電壓,,EDB 2020
inducing charge,施感電荷,,EDB 2020
inducing current,施感電流,,EDB 2020
inductance,電感,,EDB 2020
inductance capacitance coupled circuit,感容耦合電路,,EDB 2020
inductance coil,電感綫圈,,EDB 2020
induction,感應,,EDB 2020
induction cooker,電磁爐,,牛津 Book E3 Ch1
induction heating,感應生熱,,EDB 2020
induction lamp,電感燈,,EDB 2020
inductive circuit,電感電路,,EDB 2020
inductive component,電感性分量,,EDB 2020
inductive reactance,感抗,,EDB 2020
inductor,電感器,感應器,EDB 2020
inelastic collision,非彈性碰撞,,EDB 2020
inert gas,惰性氣體,,牛津 Book E3 Ch2
inertia,慣性,慣量,EDB 2020
inertia balance,慣性秤,,EDB 2020
inertial frame,慣性座標系,慣性系,EDB 2020
inertial mass,慣性質量,,EDB 2020
inferior planet,內行星,,牛津 Book E1 Ch1
infra-red detector,紅外綫探測器,,EDB 2020
infra-red radiation,紅外輻射,,牛津 Book 1 Ch2
infra-red ray,紅外綫,,EDB 2020
initial state,初態,,EDB 2020
initial velocity,初速度,,EDB 2020
inner ear,內耳,,牛津 Book E4 Ch2
input,輸入,,EDB 2020
input bias current,輸入偏壓電流,,EDB 2020
input characteristic,輸入特性,,EDB 2020
input current,輸入電流,,EDB 2020
input offset current,輸入補償電流,,EDB 2020
input power,輸入功率,,EDB 2020
input resistance,輸入電阻,,EDB 2020
input voltage,輸入電壓,,EDB 2020
instantaneous acceleration,瞬時加速度,,EDB 2020
instantaneous angular velocity,瞬時角速度,,EDB 2020
instantaneous current,瞬時電流,,EDB 2020
instantaneous power,瞬時功率,,EDB 2020
instantaneous speed,瞬時速率,,牛津 Book 2 Ch1
instantaneous velocity,瞬時速度,,牛津 Book 2 Ch1
instantaneous voltage,瞬時電壓,,EDB 2020
insulation,絕緣,,EDB 2020
insulator,絕緣體,,牛津 Book 1 Ch2
integrated circuit,集成電路,,EDB 2020
intensity,強度,,牛津 Book E2 Ch1
intensity control,強度控制,,EDB 2020
intensity of current,電流強度,,EDB 2020
intensity reflection coefficient,反射聲強係數,強度反射係數（EDB）,牛津 Book E4 Ch2
interaction,相互作用,,EDB 2020
interatomic force,原子間力,,EDB 2020
interatomic potential,原子間勢,原子間位,EDB 2020
interatomic separation,原子間距,,EDB 2020
intercept,截距,截段,EDB 2020
interconversion,互換,,EDB 2020
interference,干涉,,牛津 Book 3B  Ch5
interference pattern,干涉圖形,,EDB 2020
internal combustion engine,內燃機,,牛津 Book E3 Ch3
internal energy,內能,,牛津 Book 1 Ch2
internal force,內力,,EDB 2020
internal resistance,內電阻,,EDB 2020
internal work,內功,,EDB 2020
international system of units,國際單位制,公制 / 十進制,EDB 2020
interval,間隔,,EDB 2020
intrinsic semiconductor,純半導體,本徵半導體,EDB 2020
inverse square law,平方反比定律,,EDB 2020
inverse-square law,平方反比定律,,牛津 Book E3 Ch2
inverted,倒立的,,EDB 2020
inverter,反相器,倒換器,EDB 2020
inverting input,反相輸入,,EDB 2020
ion,離子,,牛津 Book 5 Ch1
ion-pair,離子偶,離子對,EDB 2020
ionic bond,離子鍵,,EDB 2020
ionic structure,離子結構,,EDB 2020
ionization,電離作用,,EDB 2020
ionization chamber,電離室,,EDB 2020
ionization current,電離電流,,EDB 2020
ionization energy,電離能,,牛津 Book E2 Ch2
ionization potential,電離電勢,電離電位,EDB 2020
ionization voltage,電離電壓,,EDB 2020
ionize,電離,,牛津 Book 5 Ch1
ionized atom,離子,,EDB 2020
ionized layer,電離層,,EDB 2020
ionizing power,致電離能力,,牛津 Book 5 Ch1
ionizing radiation,致電離輻射,,牛津 Book 5 Ch1
ionosphere,電離層,,EDB 2020
iris,虹膜,可變光闌,EDB 2020
iron core,鐵心,,EDB 2020
iron filings,鐵粉,,EDB 2020
irreversible process,不可逆過程,,EDB 2020
isobar,等壓綫,同質異序素,EDB 2020
isobaric expansion,等壓膨脹,,EDB 2020
isobaric process,等壓過程,,EDB 2020
isochronous oscillation,等時振盪,,EDB 2020
isotherm,等溫綫,,EDB 2020
isothermal process,等溫過程,,EDB 2020
isotope,同位素,,牛津 Book 5 Ch2
isovolumetric process,等容過程,,EDB 2020
J. J. Thomson,湯姆生,,牛津 Book 5 Ch2
Jaeger's method,耶格法,,EDB 2020
James Chadwick,查德威,,牛津 Book 5 Ch1
James Joule,焦耳,,牛津 Book 1 Ch2
James Watt,瓦特,,牛津 Book 1 Ch3
Jean-Pierre Sauvage,索瓦日,,牛津 Book E2 Ch3
jet propulsion,噴氣推進,,EDB 2020
jockey,滑動觸頭,,EDB 2020
Johann Balmer,巴耳末,,牛津 Book E2 Ch2
Johannes Kepler,開普勒,,牛津 Book E1 Ch2
John Dalton,道爾頓,,牛津 Book 5 Ch2
John Strutt,斯特拉特,,牛津 Book E2 Ch3
John William Strutt,史特拉,,牛津 Book E4 Ch2
Joseph Swan,斯旺,,牛津 Book E3 Ch2
Joseph von Fraunhofer,夫琅和費,,牛津 Book E2 Ch2
Joule,焦耳,,牛津 Book 2 Ch6
joule (J),焦耳,,牛津 Book 1 Ch2
joulemeter,焦耳計,,牛津 Book 1 Ch3
joulemter,焦耳計,,牛津 Book 1 Ch3
junction,連接,接頭,EDB 2020
junction diode,面結型二極管,,EDB 2020
junction transistor,面結型晶體管,,EDB 2020
kaleidoscope,萬花筒,,EDB 2020
kelvin,開爾文,開,EDB 2020
Kelvin temperature scale,開氏溫標,,EDB 2020
Kepler's law,開普勒定律,,EDB 2020
Kepler’s laws of planetary motion,開普勒行星運動定律,,牛津 Book E1 Ch2
key,電鍵,,EDB 2020
kilogram,千克,,EDB 2020
kilowatt,千瓦特,千瓦,EDB 2020
kilowatt-hour,千瓦小時,千瓦時,EDB 2020
kilowatt-hour (kW h),千瓦小時,,牛津 Book 1 Ch3
kilowatt-hour meter,千瓦時計,電錶（EDB）,牛津 Book 1 Ch3
kinematics,運動學,,EDB 2020
kinetic energy,動能,,牛津 Book 1 Ch2
kinetic friction,動摩擦,,EDB 2020
kinetic theory,分子運動論,,EDB 2020
kinetic theory model,分子運動模型,,EDB 2020
kinetic theory of gases,氣體分子運動論,,EDB 2020
Kirchhoff's law,基爾霍夫定律,,EDB 2020
kit,套件,,EDB 2020
knife-edge,刃形支承,刀刃 / 刀邊,EDB 2020
Konstantin Novoselov,諾沃肖洛夫,,牛津 Book E2 Ch3
kryton,氪,,EDB 2020
Kundt's tube,孔脫管,,EDB 2020
lagging,保溫套,,EDB 2020
Lambert's cosine law,朗伯餘弦定律,,EDB 2020
Lambert’ s cosine law,朗伯餘弦定律,,牛津 Book E3 Ch2
Lambert’s cosine law,朗伯餘弦定律,,牛津 Book E3 Ch2
laminar flow,層流,,EDB 2020
laminated,疊片的,分層的（EDB）,牛津 Book 4 Ch8
Lamma Winds,南丫風采發電站,,牛津 Book E3 Ch4
Laniakea Supercluster,拉尼亞凱亞超星系團,,牛津 Book E1 Ch1
Large Hadron Collider,大型強子對撞機,,牛津 Book E2 Ch2
laser,激光,激光器,EDB 2020
laser beam,激光束,,EDB 2020
laser material,激光材料,,EDB 2020
LAser-assisted in SItu Keratomileusis (LASIK),角膜激光矯視手術,,EDB 2020
latch,閂鎖,,EDB 2020
latent heat,潛熱,,EDB 2020
lateral,橫向,側向 / 旁向,EDB 2020
lateral inversion,橫向倒置,,EDB 2020
lateral magnification,橫向放大,橫向放大率,EDB 2020
lateral search coil,橫向探察綫圈,,EDB 2020
laterally inverted,橫向倒置,,牛津 Book 3A Ch1
lattice,點陣,晶格,EDB 2020
lattice spacing,點陣間隔,點陣間距,EDB 2020
law,定律,,EDB 2020
law of conservation of charge,電荷守恆定律,,牛津 Book 4 Ch1
law of conservation of energy,能量守恆定律,,牛津 Book 1 Ch3
law of conservation of momentum,動量守恒定律,,EDB 2020
law of reflection,反射定律,,EDB 2020
law of refraction,折射定律,,EDB 2020
laws of reflection,反射定律,,牛津 Book 3A Ch1
laws of refraction,折射定律,,牛津 Book 3A Ch2
lead,導綫,鉛,EDB 2020
lead-acid accumulator,鉛酸蓄電池,,EDB 2020
leakage current,漏泄電流,,EDB 2020
least distance of distinct vision,最小明視距離,,EDB 2020
Leclanche cell,勒克朗謝電池,,EDB 2020
length,長度,,EDB 2020
lens,晶體,透鏡（EDB）,牛津 Book E4 Ch1
lens formula,透鏡公式,,EDB 2020
lens holder,透鏡座,,EDB 2020
lens marker's formula,透鏡製造者公式,,EDB 2020
lens power,透鏡焦強,,EDB 2020
Lenz's law,楞次定律,,EDB 2020
Lester Germer,革末,,牛津 Book E2 Ch2
leukaemia,白血病,,EDB 2020
lever,槓桿,,EDB 2020
light,光,光學,EDB 2020
light beam,光束,,牛津 Book 3A Ch1
light dependent resistor,光敏電阻器,,EDB 2020
light emitting diode,發光二極管,,EDB 2020
light emitting diode (LED),發光二極管,,牛津 Book E3 Ch2
light guide,光導,,EDB 2020
light intensity,光強度,,EDB 2020
light meter,測光儀,,牛津 Book E3 Ch2
light pipe,光導管,,EDB 2020
light pollution,光污染,光害,EDB 2020
light quantum,光量子,,EDB 2020
light ray,光綫,,EDB 2020
light sensitive resistor,光敏電阻器,,EDB 2020
light source,光源,,EDB 2020
light year,光年,,EDB 2020
light year (ly),光年,,牛津 Book E1 Ch1
light-gate,光閘,,牛津 Book 2 Ch1
lightning,閃電,,EDB 2020
lightning conductor,避雷針,,EDB 2020
limiting angle,極限角,,EDB 2020
limiting friction,極限摩擦,,EDB 2020
line of action,作用綫,,EDB 2020
line of force,力綫,,EDB 2020
line spectrum,線狀光譜,綫狀光譜（EDB）,牛津 Book E2 Ch2
linear air track,綫性氣墊導航,,EDB 2020
linear attenuation coefficient,線衰減係數,,牛津 Book E4 Ch3
linear electronics,綫性電子學,,EDB 2020
linear expansivity,綫性膨脹係數,綫性脹率,EDB 2020
linear flow,綫流,,EDB 2020
linear momentum,綫動量,,EDB 2020
linear voltage amplification,綫性電壓放大率,,EDB 2020
linearly polarized wave,綫偏振波,,EDB 2020
Lingao Nuclear Power Station,嶺澳核電站,,牛津 Book 5 Ch3
liquefaction,液化,,EDB 2020
liquid,液體,,EDB 2020
liquid crystal,液晶體,,EDB 2020
liquid phase,液相,,EDB 2020
liquid pressure,液體壓強,,EDB 2020
liquid-in-glass thermometer,玻管液體温度計,玻管液體溫度計（EDB）,牛津 Book 1 Ch1
Lise Meitner,麥特勒,,牛津 Book 5 Ch3
Lissajous figure,利薩如圖形,,EDB 2020
live,載電,,EDB 2020
live wire,活線,火線,EDB 2020
Lloyd's mirror,洛埃鏡,,EDB 2020
load,負荷,,牛津 Book 4 Ch2
Local Group,本星系羣,,牛津 Book E1 Ch1
lodestone,磁石,,EDB 2020
logic gate,邏輯門,,EDB 2020
logic level,邏輯電平,邏輯級,EDB 2020
logic level indicator,邏輯電平指示器,邏輯級指示器,EDB 2020
logic value,邏輯值,,EDB 2020
long sight,遠視,,EDB 2020
long wave,長波,,EDB 2020
long-sightedness / hypermetropia,遠視,,牛津 Book E4 Ch1
longitudinal magnification,縱向放大,縱向放大率,EDB 2020
longitudinal wave,縱波,,牛津 Book 3B  Ch4
loop,回路,圈,EDB 2020
Lord Kelvin,開爾文勳爵,,牛津 Book 2 Ch6
Lorentz force,洛倫茲力,,EDB 2020
Lorentz rotating disc,洛倫茲旋轉盤,,EDB 2020
Lotus effect,蓮花效應,,牛津 Book E2 Ch3
loudness,響度,,EDB 2020
loudspeaker,揚聲器,,EDB 2020
Louis de Broglie,德布羅意,,牛津 Book E2 Ch2
low frequency a.c. generator,低頻交流發電機,,EDB 2020
low voltage,低電壓,,EDB 2020
low voltage immersion heater,低壓浸沒式電熱器,,EDB 2020
lower limit,下限,,EDB 2020
lumen,流明,,EDB 2020
lumen (lm),流明,,牛津 Book E3 Ch2
luminosity,光度,,牛津 Book E1 Ch3
luminous efficacy / efficacy,光視效能,,牛津 Book E3 Ch2
luminous flux,光通量,,牛津 Book E3 Ch2
luminous object,發光體,,牛津 Book 3A Ch1
lunar eclipse,月食,月蝕,EDB 2020
lux,勒克司,勒克斯 / 勒,EDB 2020
lux (lx),勒克司,,牛津 Book E3 Ch2
lycopodium powder,石松粉,,EDB 2020
Lyman series,賴曼系,賴曼光譜,EDB 2020
Mach number,馬赫數,,EDB 2020
machine,機械,,EDB 2020
macroscopic,宏觀的,,EDB 2020
magnadur magnet,瑪格納多爾磁鐵,,EDB 2020
magnet,磁鐵,磁體,EDB 2020
magnet keeper,永久磁鐵銜鐵,,EDB 2020
magnetic domain,磁疇,磁域,EDB 2020
magnetic effect,磁效應,,EDB 2020
magnetic field,磁場,,EDB 2020
magnetic field board,磁場板,,EDB 2020
magnetic field intensity,磁場強度,,EDB 2020
magnetic field strength,磁場強度,,EDB 2020
magnetic flux,磁通量,,EDB 2020
magnetic flux density,磁通量密度,,EDB 2020
magnetic flux linkage,磁鏈,磁鍵 / 磁通匝數,EDB 2020
magnetic force,磁力,,EDB 2020
magnetic hysteresis,磁滯,,EDB 2020
magnetic induction,磁感應強度,磁感應,EDB 2020
magnetic line of force,磁力綫,,EDB 2020
magnetic material,磁性材料,,EDB 2020
magnetic meridian,磁子午綫,,EDB 2020
magnetic moment,磁矩,,EDB 2020
magnetic north pole,磁北極,,EDB 2020
magnetic permeability,磁導率,,EDB 2020
magnetic pole,磁極,,EDB 2020
magnetic screen,磁屏,,EDB 2020
magnetic shield,磁屏,,EDB 2020
magnetic south pole,磁南極,,EDB 2020
magnetic susceptibility,磁化率,,EDB 2020
magnetic tape,磁帶,,EDB 2020
magnetic tape recorder,磁帶錄音機,,EDB 2020
magnetic torque,磁矩,,EDB 2020
magnetic track,磁跡,,EDB 2020
magnetism,磁學,磁性,EDB 2020
magnetization,起磁,磁化作用,EDB 2020
magnetize,磁化,,EDB 2020
magnetizing current,磁化電流,,EDB 2020
magnetron tube,磁控管,,牛津 Book E3 Ch1
magnification,放大,放大率,EDB 2020
magnified,放大的,,EDB 2020
magnifying glass,放大鏡,,EDB 2020
magnifying power,放大率,,EDB 2020
magnitude,量值,,牛津 Book 2 Ch1
magnitude scale,星等標度,,牛津 Book E1 Ch3
main sequence,主序,,牛津 Book E1 Ch3
main sequence star,主序星,,牛津 Book E1 Ch3
mains,市電,,牛津 Book 1 Ch3
mains frequency,市電頻率,,EDB 2020
mains immersion heater,市電浸沒式電熱器,,EDB 2020
mains supply,市電電源,,EDB 2020
major axis,長軸,,牛津 Book E1 Ch2
majority carriers,多數載流子,,EDB 2020
malleable,展性的,韌性的,EDB 2020
Maltese cross tube,馬爾塔十字管,,EDB 2020
manipulate,操縱,,牛津 Book E2 Ch3
manometer,流體壓強計,,EDB 2020
Marie and Pierre Curie,居里夫婦,,牛津 Book 5 Ch1
mass,質量,,EDB 2020
mass defect,質量虧損,,牛津 Book E3 Ch4
mass number,質量數,,牛津 Book 5 Ch2
mass spectrometer,質譜儀,,EDB 2020
mass-energy relationship,質能關係,,牛津 Book 5 Ch3
materials science,材料科學,,EDB 2020
matrix,矩陣,,牛津 Book E4 Ch3
matter wave,物質波,,EDB 2020
Max Planck,普朗克,,牛津 Book E2 Ch1
maximum error,最大誤差,,EDB 2020
mean free path,平均自由程,,EDB 2020
measurement,測量,,EDB 2020
mechanical advantage,機械利益,,EDB 2020
mechanical efficiency,機械效率,,EDB 2020
mechanical energy,機械能,,牛津 Book 2 Ch6
mechanical oscillation,機械振盪,,EDB 2020
mechanical wave,機械波,,牛津 Book 3B  Ch4
mechanical work,機械功,,牛津 Book 2 Ch6
mechanism,機制,機理,EDB 2020
medium,介質,,牛津 Book 3A Ch2
medium (pl. media),介質,,牛津 Book 3A Ch2
medium wave,中波,,EDB 2020
Melde's experiment,邁爾德實驗,,EDB 2020
melt,熔化,,EDB 2020
melting point,熔點,,EDB 2020
meniscus,彎液面,彎月面,EDB 2020
meniscus lens,凹凸透鏡,彎月形透鏡,EDB 2020
mercury,汞,水銀,EDB 2020
mercury lamp,汞燈,水銀燈,EDB 2020
metal fatigue,金屬疲勞,,EDB 2020
metal grid,金屬柵,,EDB 2020
metallic bond,金屬鍵,,EDB 2020
metastable,亞穩態的,介穩態的,EDB 2020
meteor,流星,,牛津 Book E1 Ch1
meteor shower,流星雨,,EDB 2020
meteorite,隕石,,牛津 Book E1 Ch1
meteoroid,流星體,,牛津 Book E1 Ch1
method of dimensions,維量法,因次法,EDB 2020
method of no-parallax,無視差法,,EDB 2020
method of parallax,視差法,,EDB 2020
metre,米,,EDB 2020
metre (m),米,,牛津 Book 2 Ch1
metre bridge,滑綫電橋,米尺電橋,EDB 2020
metre rule,米尺,,EDB 2020
metric unit,公制單位,,牛津 Book 2 Ch1
mica,雲母,,EDB 2020
mica capacitor,雲母電容器,,EDB 2020
Michael Faraday,法拉第,,牛津 Book 4 Ch1
Michel Mayor,馬約爾,,牛津 Book E1 Ch3
microammeter,微安培計,微安計,EDB 2020
microelectronics,微電子學,,EDB 2020
micrometer,測微計,,牛津 Book 2 Ch1
micrometer screw gauge,螺旋測微計,,EDB 2020
microphone,微音器,傳聲器,EDB 2020
microscope,顯微鏡,,EDB 2020
microscopic,微觀的,,EDB 2020
microwave,微波,,EDB 2020
microwave apparatus,微波儀器,,EDB 2020
microwave oven,微波爐,,牛津 Book E3 Ch1
microwave receiver,微波接收器,,EDB 2020
microwave transmitter,微波發送器,,EDB 2020
middle ear,中耳,,牛津 Book E4 Ch2
Milky Way Galaxy,銀河系,,牛津 Book E1 Ch1
milliammeter,毫安培計,毫安計,EDB 2020
Millikan experiment,密立根實驗,,EDB 2020
millimetre,毫米,,EDB 2020
millisecond (ms),毫秒,,牛津 Book 2 Ch1
minimally invasive surgery,微創手術,,牛津 Book E4 Ch1
minimum deviation,最小偏向,,EDB 2020
minority carrier,少數載流子,,EDB 2020
minute,分,分鐘,EDB 2020
mirage,海市蜃樓,,牛津 Book 3A Ch2
mirror,鏡,,EDB 2020
mirror formula,球面鏡公式,,EDB 2020
mobility,動性,遷移率,EDB 2020
mode,模式,,EDB 2020
model eye,眼球模型,,EDB 2020
model power line,輸電綫模型,,EDB 2020
moderator,減速劑,,牛津 Book E3 Ch4
modulation,調制,調節,EDB 2020
module,組件,,EDB 2020
modulus of elasticity,彈性模量,,EDB 2020
modulus of rigidity,剛性模量,,EDB 2020
molar gas constant,摩爾氣體常數,摩爾氣體常量,EDB 2020
molar heat capacity,摩爾熱容量,,EDB 2020
molar volume,摩爾體積,,EDB 2020
mole,摩爾,,EDB 2020
molecular bombardment,分子撞擊,,EDB 2020
molecular force,分子力,,EDB 2020
molecular motion,分子運動,,EDB 2020
molecular polarization,分子極化,,EDB 2020
molecular separation,分子間距,,EDB 2020
molecular structure,分子結構,,EDB 2020
molecule,分子,,EDB 2020
moment,矩,,EDB 2020
moment arm,矩臂,力臂,EDB 2020
moment of couple,力偶矩,,EDB 2020
moment of dipole,偶極矩,,EDB 2020
moment of force,力矩,,EDB 2020
moment of inertia,轉動慣量,,EDB 2020
moment of momentum,動量矩,,EDB 2020
momentum,動量,,EDB 2020
monatomic gas,單原子氣體,,牛津 Book E2 Ch2
monatomic molecule,單原子分子,,EDB 2020
monochromatic light,單色光,,EDB 2020
motion,勻加速運動方程,運動（EDB）,牛津 Book 2 Ch2
motion sensor,運動感應器,,牛津 Book 2 Ch2
motor,電動機,,EDB 2020
motor rule,電動機法則,,EDB 2020
movable pulley,動滑輪,,EDB 2020
moving-coil galvanometer,動圈式電流計,動圈式檢流計,EDB 2020
moving-coil loudspeaker,動圈式揚聲器,,EDB 2020
moving-coil meter,動圈式電錶,,EDB 2020
multiflash photography,多閃照相法,,EDB 2020
multimeter,萬用電錶,,牛津 Book 4 Ch2
multiple image,複像,,EDB 2020
multiple reflection,多次反射,,EDB 2020
multiple-slit interference,多縫干涉,,EDB 2020
multiplication process,倍增過程,,EDB 2020
multiplier,倍加器,,EDB 2020
multivibrator,多諧振盪器,,EDB 2020
musical instrument,樂器,,EDB 2020
mutation,突變,,EDB 2020
mutual inductance,互感,,EDB 2020
mutual induction,互感應,,EDB 2020
mutually perpendicular,互相垂直的,,EDB 2020
myopia,近視,,EDB 2020
Nagasaki,長崎,,牛津 Book 5 Ch3
nano material,納米材料,奈米材料,EDB 2020
nano particle,纳米粒子,納米粒子（EDB）,牛津 Book 2 Ch1
nano scale,納米標度,奈米標度,EDB 2020
nano structure,納米結構,奈米結構,EDB 2020
nano tube,納米管,奈米管,EDB 2020
nano wire,納米綫,奈米綫,EDB 2020
nanometre,納米,,牛津 Book E2 Ch3
nanometre (nm),納米,,牛津 Book 2 Ch1
nanoscience,納米科學,奈米科學,EDB 2020
nanotechnology,納米技術,奈米技術,EDB 2020
naphthalene,萘,,EDB 2020
natural frequency,固有頻率,自然頻率,EDB 2020
nature,本質,,EDB 2020
near point,近點,,牛津 Book E4 Ch1
nebula,星雲,,EDB 2020
nebula (pl. nebulae),星雲,,牛津 Book E1 Ch1
necking,頸縮,,EDB 2020
negater,反相器,倒換器,EDB 2020
negative charge,負電荷,,EDB 2020
negative feedback,負反饋,,EDB 2020
negative ion,負離子,,EDB 2020
negative supply rail,負供電軌,,EDB 2020
negative terminal,負端鈕,負接綫柱,EDB 2020
net force,淨力,,EDB 2020
network,網路,網絡,EDB 2020
neutral,中性,,牛津 Book 4 Ch1
neutral equilibrium,中性平衡,隨遇平衡,EDB 2020
neutral point,中和點,,牛津 Book 4 Ch1
neutral wire,中線,,EDB 2020
neutrino,中微子,,EDB 2020
neutron,中子,,牛津 Book 5 Ch2
neutron number,中子數,,EDB 2020
newton,牛頓,,EDB 2020
Newton's first law of motion,牛頓運動第一定律,,EDB 2020
Newton's law of gravitation,牛頓萬有引力定律,,EDB 2020
Newton's ring,牛頓環,,EDB 2020
Newton's second law of motion,牛頓運動第二定律,,EDB 2020
Newton's third law of motion,牛頓運動第三定律,,EDB 2020
Newtonian fluid,牛頓流體,,EDB 2020
Newtonian mechanics,牛頓力學,,EDB 2020
nichrome wire,鎳鉻綫,鎳鉻合金綫,EDB 2020
Nicol prism,尼科爾稜鏡,,EDB 2020
Nicolaus Copernicus,哥白尼,,牛津 Book E1 Ch1
Niels Bohr,玻爾,,牛津 Book E2 Ch2
nitrogen,氮,,EDB 2020
no-parallax,無視差,,EDB 2020
nodal line,節線,節綫（EDB）,牛津 Book 3B  Ch5
node,波節,節點（EDB）,牛津 Book 3B  Ch5
noise,噪音,,EDB 2020
noise level,噪音級,,EDB 2020
noise pollution,噪音污染,,EDB 2020
non-conservative force,非守恒力,非保守力,EDB 2020
non-inertial frame,非慣性座標系,非慣性系,EDB 2020
non-inverting input,非反相輸入,,EDB 2020
non-ionizing radiation,非電離輻射,,牛津 Book 5 Ch1
non-luminous object,不發光體,,牛津 Book 3A Ch1
non-Newtonian fluid,非牛頓流體,,EDB 2020
non-ohmic conductor,非歐姆導體,,EDB 2020
non-ohmic resistor,非歐姆電阻器,,EDB 2020
non-renewable energy source,不可再生能源,,牛津 Book E3 Ch4
normal,法線,法綫（EDB）,牛津 Book 3A Ch1
normal incidence,正入射,,EDB 2020
normal reaction,法向反作用力,,EDB 2020
normal stress,法向應力,,EDB 2020
Norman Pogson,普森,,牛津 Book E1 Ch3
north celestial pole,北天極,,EDB 2020
north pole,北極,,EDB 2020
note,音,樂音 / 律音,EDB 2020
nozzle,噴嘴,,EDB 2020
nuclear,原子核的,,EDB 2020
nuclear energy,核能,,EDB 2020
nuclear energy level,核能級,,EDB 2020
nuclear fission,核裂變,,牛津 Book 5 Ch3
nuclear force,核力,,EDB 2020
nuclear fuel,核燃料,,EDB 2020
nuclear fusion,核聚變,,牛津 Book 5 Ch3
nuclear medicine,核醫學,,EDB 2020
nuclear pile,核反應堆,,EDB 2020
nuclear power,核能,,牛津 Book E3 Ch4
nuclear power plant,核電廠,核能發電廠,EDB 2020
nuclear radiation,核輻射,,牛津 Book 5 Ch1
nuclear reaction,核反應,,EDB 2020
nuclear reactor,核反應堆,,牛津 Book 5 Ch3
nuclear rector,核反應堆,,EDB 2020
nuclear waste,核廢料,,牛津 Book 5 Ch3
nuclear weapon,核武器,,EDB 2020
nucleon,核子,,牛津 Book 5 Ch2
nucleon number,核子數,質量數,EDB 2020
nucleus,原子核,,牛津 Book 4 Ch1
nuclide,核素,,牛津 Book 5 Ch2
object,物,物體,EDB 2020
object distance,物距,,EDB 2020
objective,接物鏡,物鏡,EDB 2020
observatory,天文台,觀象台,EDB 2020
obstacle,障礙物,,EDB 2020
octave,八音度,倍頻程,EDB 2020
Oersted,奧斯特,,EDB 2020
ohm,歐姆,,EDB 2020
Ohm's law,歐姆定律,,EDB 2020
ohmic conductor,歐姆導體,,EDB 2020
ohmic resistor,歐姆電阻器,,EDB 2020
ohmmeter,歐姆計,,EDB 2020
Ohm’ s law,歐姆定律,,牛津 Book 4 Ch2
Ohm’s law,歐姆定律,,牛津 Book 4 Ch2
oil film,油膜,,EDB 2020
old sight,老花,,EDB 2020
old-sightedness / presbyopia,老花,,牛津 Book E4 Ch1
opaque,不透明的,,EDB 2020
open circuit,斷路,開路,EDB 2020
open cluster,疏散星團,,牛津 Book E1 Ch1
open pipe,開管,,EDB 2020
open tube,開管,,EDB 2020
open-loop control system,開環控制系統,,EDB 2020
open-loop voltage gain,開環電壓增益,,EDB 2020
operating voltage,操作電壓,,EDB 2020
operational amplifier,運算放大器,,EDB 2020
opposite phase,反相,,EDB 2020
optic nerve,視神經,,牛津 Book E4 Ch1
optical centre,光心,,EDB 2020
optical density,光學密度,,EDB 2020
optical fibre,光纖,光導纖維（EDB）,牛津 Book 3A Ch2
optical flatness,光學平度,,EDB 2020
optical illusion,光幻象,視錯覺,EDB 2020
optical instrument,光學儀器,,EDB 2020
optical microscope,光學顯微鏡,,EDB 2020
optical path,光程,,EDB 2020
optical path difference,光程差,,EDB 2020
optical system,光學系統,光具組,EDB 2020
optical thickness,光學厚度,,EDB 2020
optically anisotropic,光學各向異性的,,EDB 2020
optically denser medium,光密介質,,EDB 2020
optically isotropic,光學各向同性的,,EDB 2020
optically less dense medium,光疏介質,,EDB 2020
optics,光學,,EDB 2020
orbit,軌道,,EDB 2020
orbital electron,軌道電子,,EDB 2020
orbital motion,軌道運動,,EDB 2020
orbital period,軌道週期,,EDB 2020
orbital plane,軌道平面,,EDB 2020
orbital radius,軌道半徑,,EDB 2020
order of magnitude,數量級,,EDB 2020
ordinary ray,尋常光綫,,EDB 2020
orientation,取向,定向,EDB 2020
orifice,孔,,牛津 Book E4 Ch1
oscillation,振盪,,EDB 2020
oscillator,振盪器,,EDB 2020
oscillatory circuit,振盪電路,,EDB 2020
oscilloscope,示波器,,EDB 2020
Ostwald's viscometer,奧氏黏度計,,EDB 2020
Otto Frisch,弗里施,,牛津 Book 5 Ch3
Otto Hahn,哈恩,,牛津 Book 5 Ch3
out of focus,離焦,,EDB 2020
out of phase,異相,,牛津 Book 3B  Ch4
outer ear,外耳,,牛津 Book E4 Ch2
output,輸出,,EDB 2020
output characteristic,輸出特性,,EDB 2020
output current,輸出電流,,EDB 2020
output power,輸出功率,,EDB 2020
output voltage,輸出電壓,,EDB 2020
oval window,卵圓窗,,牛津 Book E4 Ch2
Overall Thermal Transfer Value (OTTV),總熱傳送值,,牛津 Book E3 Ch3
overdose,過量,,牛津 Book 5 Ch1
overload,超負荷,超載,EDB 2020
overtone,泛音,,EDB 2020
pair production,偶的產生,對的產生,EDB 2020
paradox,悖論,,牛津 Book 2 Ch2
paraffin,石蠟,,EDB 2020
parallax,視差,,牛津 Book E1 Ch3
parallel,平行,,牛津 Book 3A Ch1
parallel axis theorem,平行軸定理,,EDB 2020
parallel beam projector,平行光束投射器,,EDB 2020
parallel circuit,並聯電路,,EDB 2020
parallel forces,平行力,,EDB 2020
parallel rays,平行光綫,,EDB 2020
parallel resonance,並聯共振,,EDB 2020
parallel resonance circuit,並聯共振電路,,EDB 2020
parallel-plate capacitor,平行板電容器,,EDB 2020
parallelogram of forces,力平行四邊形,,EDB 2020
paramagnetism,順磁性,,EDB 2020
parameter,參量,參數,EDB 2020
paraxial ray,傍軸光綫,,EDB 2020
parent nucleus,母核,,EDB 2020
parent nuclide,母核素,,EDB 2020
parking orbit,駐留軌道,,EDB 2020
parsec,秒差距,,EDB 2020
parsec (pc),秒差距,,牛津 Book E1 Ch1
partial polarization,部分偏振,,EDB 2020
partial pressure,分壓強,,EDB 2020
partially polarized wave,部分偏振波,,EDB 2020
particle,粒子,,EDB 2020
particle movement,粒子運動,質點運動,EDB 2020
pascal,帕斯卡,,EDB 2020
Paschen series,帕邢系,帕邢光譜,EDB 2020
path,路程,,EDB 2020
path difference,程差,,牛津 Book 3B  Ch5
Paul Ulrich Villard,維拉德,,牛津 Book 5 Ch1
peak value,峰值,,EDB 2020
peak voltage,峰值電壓,,EDB 2020
peak-to-peak current,峰至峰電流,,EDB 2020
peak-to-peak voltage,峰至峰電壓,,EDB 2020
pendulum,擺,,EDB 2020
penetrating power,穿透能力,貫穿能力（EDB）,牛津 Book 5 Ch1
penetration depth,貫穿深度,穿透深度,EDB 2020
percentage error,百分誤差,,EDB 2020
Percy Spencer,史賓沙,,牛津 Book E3 Ch1
perfectly elastic,完全彈性的,,EDB 2020
perfectly inelastic,完全非彈性的,,EDB 2020
perigee,近地點,,EDB 2020
perihelion,近日點,,牛津 Book E1 Ch2
period,週期,,牛津 Book 3B  Ch4
periodic fading,週期性衰退,,EDB 2020
periodic motion,週期運動,,EDB 2020
periodic table,週期表,,EDB 2020
periscope,潛望鏡,,EDB 2020
permanent magnet,永久磁鐵,永磁體,EDB 2020
permeability of free space,真空磁導率,,EDB 2020
permittivity,電容率,介電常數,EDB 2020
permittivity of free space,真空電容率,,牛津 Book 4 Ch1
perpendicular axis theorem,垂直軸定理,正交軸定理,EDB 2020
perpendicular distance,垂直距離,,EDB 2020
Perrin tube,佩林管,,EDB 2020
perspex,有機玻璃,,EDB 2020
Peter Higgs,希格斯,,牛津 Book E2 Ch2
pharmacological,藥理性,,牛津 Book E4 Ch3
phase,相位,相,牛津 Book E1 Ch1
phase angle,相角,,EDB 2020
phase constant,相位常數,相位常量,EDB 2020
phase difference,相差,相位差,EDB 2020
phase lag,相位滯後,,EDB 2020
phase lead,相位超前,,EDB 2020
phasor,相矢量,相向量,EDB 2020
phon,方,,牛津 Book E4 Ch2
phosphor coating,磷光質塗層,,牛津 Book E3 Ch2
phosphorescence,磷光,,牛津 Book 5 Ch1
photo-timing gate,光控計時門,,EDB 2020
photo-transistor,光敏晶體管,,EDB 2020
photocatalyst,光觸媒,,牛津 Book E2 Ch3
photocell,光電池,,牛津 Book E2 Ch1
photodiode,光電二極管,,EDB 2020
photoelasticity,光測彈性,,EDB 2020
photoelectric cell,光電池,,EDB 2020
photoelectric current,光電流,,牛津 Book E2 Ch1
photoelectric effect,光電效應,,牛津 Book E2 Ch1
photoelectric threshold,光電閾,,EDB 2020
photoelectron,光電子,,牛津 Book E2 Ch1
photographic film,感光底片,,牛津 Book 5 Ch1
photographic negative,照相底片,,EDB 2020
photographic plate,照相底片,感光片,EDB 2020
photon,光子,,牛津 Book E2 Ch1
photosensitive,光敏的,,EDB 2020
photosensitive surface,光敏面,,EDB 2020
photovoltaic cell,光伏電池,,牛津 Book E3 Ch4
photovoltaic effect,光伏效應,,牛津 Book E3 Ch4
physical half-life,物理半衰期,,牛津 Book E4 Ch3
physical optics,物理光學,,EDB 2020
physical property,物理性質,,EDB 2020
physical quantity,物理量,,EDB 2020
pick-up,拾音器,拾音,EDB 2020
piezoelectric effect,壓電效應,,牛津 Book E4 Ch2
piezoelectric transducer,壓電換能器,,EDB 2020
piston,活塞,,EDB 2020
pitch,螺距,音高 / 音調高度 / 音調,EDB 2020
Pitot tube,皮托管,,EDB 2020
pivot,支點,支樞,EDB 2020
Planck constant,普朗克常數,,牛津 Book E2 Ch1
plane mirror,平面鏡,,牛津 Book 3A Ch1
plane of polarization,偏振面,,EDB 2020
plane polarization,平面偏振,,EDB 2020
plane polarized wave,面偏振波,,EDB 2020
plane wave,平面波,,牛津 Book 3B  Ch5
planet,行星,,牛津 Book E1 Ch1
planetary motion,行星運動,,EDB 2020
plano-concave lens,平凹透鏡,,EDB 2020
plano-convex lens,平凸透鏡,,EDB 2020
plastic deformation,塑性形變,,EDB 2020
platinum resistance thermometer,鉑阻溫度計,,EDB 2020
platypus,鴨嘴獸,,牛津 Book 4 Ch1
plug,插頭,,EDB 2020
plutonium,鈈,,EDB 2020
point action,尖端作用,,EDB 2020
point charge,點電荷,,EDB 2020
point mass,點質量,,EDB 2020
point of application of force,施力點,,EDB 2020
point of incidence,入射點,,EDB 2020
point source,點源,,EDB 2020
pointer,指針,,EDB 2020
pointillism,點描法,,牛津 Book E2 Ch3
Poiseuille's formula,泊肅葉公式,,EDB 2020
Poisson's ratio,泊松比,,EDB 2020
polar,帶極性,極性（EDB）,牛津 Book E3 Ch1
polarity,極性,,EDB 2020
polarization,偏振,極化,EDB 2020
polarization grille,偏振柵,,EDB 2020
polarized light,偏振光,,EDB 2020
polarized wave,偏振波,,EDB 2020
polarizer,起偏振器,偏振器,EDB 2020
polarizing angle,起偏振角,偏振角,EDB 2020
polarizing filter,起偏振濾波器,偏振濾波器,EDB 2020
polaroid,偏振片,,EDB 2020
pole,極,,EDB 2020
polonium,釙,,EDB 2020
polyatomic molecule,多原子分子,,EDB 2020
polyethylene,聚乙烯,,EDB 2020
polygon of forces,力多邊形,,EDB 2020
polystyrene bead,聚苯乙烯珠,,EDB 2020
polystyrene cup,聚苯乙烯杯,,EDB 2020
polythene strip,聚乙烯片,,EDB 2020
positive charge,正電荷,,EDB 2020
positive feedback,正反饋,,EDB 2020
positive ion,正離子,,EDB 2020
positive supply rail,正供電軌,,EDB 2020
positive terminal,正端鈕,正接綫柱,EDB 2020
potential barrier,勢壘,位壘,EDB 2020
potential difference,電勢差,電位差,EDB 2020
potential difference (p.d.),電勢差,,牛津 Book 4 Ch2
potential divider,分壓器,,EDB 2020
potential energy,勢能,位能,EDB 2020
potential gradient,勢梯度,位梯度,EDB 2020
potentiometer,分壓器,電勢差計 / 電位差計,EDB 2020
power,功率,,牛津 Book 1 Ch3
power amplifier,功率放大器,,EDB 2020
power distribution,配電,,EDB 2020
power factor,功率因數,,EDB 2020
power generation,發電,,EDB 2020
power loss,功率損失,,EDB 2020
power pack,電源箱,,EDB 2020
power pylon,電纜塔,,EDB 2020
power rating,電功率額定值,,EDB 2020
power station,電力站,發電廠,EDB 2020
power supply,電源,供電,EDB 2020
power supply unit,供電設備,電源箱,EDB 2020
power transistor,功率晶體管,,EDB 2020
power transmission,輸電,,EDB 2020
presbyopia,老花,,EDB 2020
pressure,壓強,,EDB 2020
pressure amplification,壓強增益,,EDB 2020
pressure cooker,高壓鍋,加壓蒸煮器,EDB 2020
pressure gauge,壓強計,,EDB 2020
pressure law,氣壓定律,,EDB 2020
pressurised water reactor,壓水式反應堆,,EDB 2020
pressurized water reactor,壓水式反應堆,,牛津 Book E3 Ch4
primary coil,原線圈,原綫圈（EDB）,牛津 Book 4 Ch8
primary current,原電流,,EDB 2020
primary voltage,原電壓,,EDB 2020
primary winding,原繞組,,EDB 2020
principal axis,主軸,,EDB 2020
principal focus,主焦點,,EDB 2020
principle,原理,,EDB 2020
principle of flotation,浮體原理,,EDB 2020
principle of moments,力矩原理,,EDB 2020
principle of superposition,疊加原理,,EDB 2020
prism,稜鏡,,EDB 2020
prismatic periscope,稜鏡潛望鏡,,EDB 2020
probe,探測器,,EDB 2020
prograde motion,順行,,牛津 Book E1 Ch1
progressive wave,前進波,,EDB 2020
projectile,拋體,拋射體,EDB 2020
projectile motion,拋體運動,,EDB 2020
projection,投影,投射 / 拋射,EDB 2020
projector,投影機,放映機 / 投射器,EDB 2020
prong,音叉臂,,EDB 2020
proof plane,驗電板,,EDB 2020
propagation,傳播,,牛津 Book 3B  Ch4
propeller,推進器,,EDB 2020
property,性質,,EDB 2020
proportionality constant,比例常數,比例常量,EDB 2020
protactinium,鏷,,EDB 2020
protective screen,防護屏,,EDB 2020
proton,質子,,牛津 Book 5 Ch2
proton number,質子數,,EDB 2020
Proxima Centauri,毗鄰星,,牛津 Book E1 Ch1
pseudo-force,假力,偽力,EDB 2020
pulley,滑輪,,EDB 2020
pulmonary function,肺功能,,牛津 Book 4 Ch1
pulse,脈衝,,EDB 2020
pulse-echo,脈衝-回波,,EDB 2020
pump,泵,,EDB 2020
pump storage,抽水蓄能,,EDB 2020
pumped hydroelectric storage system,抽水蓄能系統,,牛津 Book E3 Ch4
pupil,瞳孔,,牛津 Book E4 Ch1
pure note,純音,,EDB 2020
push-button switch,按鈕開關,,EDB 2020
pyrometer,高溫計,,EDB 2020
Pythagoras’ theorem,畢氏定理,,牛津 Book 2 Ch1
quality of note,音品,音質,EDB 2020
quantity of electricity,電量,,EDB 2020
quantization,量子化,,EDB 2020
quantum,量子,,EDB 2020
quantum (pl. quanta),量子,,牛津 Book E2 Ch1
quantum electrodynamics,量子電動力學,,牛津 Book E2 Ch3
quantum mechanics,量子力學,,牛津 Book E2 Ch3
quantum number,量子數,,牛津 Book E2 Ch2
quantum physics,量子物理學,,牛津 Book E2 Ch1
quantum tunnelling,量子隧穿效應,,牛津 Book E2 Ch3
quark,夸克,,牛津 Book E2 Ch2
quarter-wave aerial,四分之一波長天綫,,EDB 2020
quartz,石英,,EDB 2020
quenching agent,猝滅劑,,EDB 2020
quiescent condition,靜止狀態,,EDB 2020
radial acceleration,徑向加速度,,EDB 2020
radial component,徑向分量,,EDB 2020
radial field,輻向場,徑向場,EDB 2020
radial velocity,徑向速度,,牛津 Book E1 Ch3
radial velocity curve,徑向速度曲線,,牛津 Book E1 Ch3
radiation,輻射,,牛津 Book 1 Ch2
radiation hazard,輻射危害性,,EDB 2020
radiation oncology,放射腫瘤學,,EDB 2020
radiation protection,輻射防護,,EDB 2020
radiator,輻射體,散熱器（EDB）,牛津 Book 1 Ch2
radio frequency,射頻,無綫電廣播頻率,EDB 2020
radio telescope,射電望遠鏡,,EDB 2020
radio wave,無綫電波,,EDB 2020
radioactive,放射性,,牛津 Book 5 Ch1
radioactive decay,放射衰變,,牛津 Book 5 Ch2
radioactive disintegration,放射性蛻變,,EDB 2020
radioactive fall-out,放射塵,,EDB 2020
radioactive isotope,放射性同位素,,EDB 2020
radioactive nucleus,放射性核,,EDB 2020
radioactive series,放射系,,EDB 2020
radioactive source,放射源,,EDB 2020
radioactive waste,放射性廢料,,EDB 2020
radioactivity,放射現象,,牛津 Book 5 Ch1
radiographic imaging,放射攝影成像,,EDB 2020
radioisotope,放射性同位素,,牛津 Book 5 Ch2
radiology,放射學,,EDB 2020
radiometer,輻射計,,EDB 2020
radionuclide,放射性核素,,牛津 Book 5 Ch2
radionuclide imaging,放射性核素造影術,,牛津 Book E4 Ch3
radiotherapy,放射療法,,牛津 Book 5 Ch2
radium,鐳,,牛津 Book 5 Ch1
radius of curvature,曲率半徑,,EDB 2020
radius of gyration,迴轉半徑,迴旋半徑,EDB 2020
radon,氡,,EDB 2020
rail,路軌,,EDB 2020
raisin,提子乾,,牛津 Book E1 Ch3
random,無規,隨機,EDB 2020
random error,隨機誤差,,EDB 2020
random motion,無規運動,隨機運動,EDB 2020
random nature,無規性,隨機性,EDB 2020
random walk,無規行走,隨機遊動,EDB 2020
range,射程,範圍（EDB）,牛津 Book 5 Ch1
range-measuring system,測距系統,,EDB 2020
rarefaction,疏部,,牛津 Book 3B  Ch4
rate of decay,衰變率,,EDB 2020
rate of disintegration,蛻變率,,EDB 2020
rated value,額定值,,牛津 Book 4 Ch2
ratemeter,定率計,,EDB 2020
rating,額定值,,EDB 2020
ray,光線,光綫（EDB）,牛津 Book 3A Ch1
ray box,光綫箱,,EDB 2020
ray diagram,光綫圖,,EDB 2020
Rayleigh criterion,瑞利判據,,牛津 Book E2 Ch3
reactance,電抗,,EDB 2020
reaction,反作用,反作用力,EDB 2020
reaction time,反應時間,,牛津 Book 2 Ch1
reactive component,抗性分量,無功分量,EDB 2020
reactor,反應堆,,EDB 2020
reactor core,反應堆堆芯,,EDB 2020
reading error,讀數誤差,,EDB 2020
real depth,實深,,EDB 2020
real expansion,實膨脹,真膨脹,EDB 2020
real focus,實焦點,,EDB 2020
real gas,真實氣體,,EDB 2020
real image,實像,,EDB 2020
real object,實物,實物體,EDB 2020
real-is-positive convention,實正虛負法則,,EDB 2020
receptor absorption curve,感受器吸收曲線,感受器吸收曲綫（EDB）,牛津 Book E4 Ch1
recoil,反衝,彈回,EDB 2020
rectification,整流,,EDB 2020
rectifier,整流器,,EDB 2020
rectilinear motion,直綫運動,,EDB 2020
rectilinear propagation,直綫傳播,,EDB 2020
red giant,紅巨星,,牛津 Book E1 Ch3
red shift,紅移,,牛津 Book E1 Ch3
reduced bearing,象限角,,牛津 Book 2 Ch1
reed,簧片,,EDB 2020
reed relay,簧片繼電器,,EDB 2020
reed switch,簧片開關,,EDB 2020
reference frame,參考座標系,參考系,EDB 2020
reference level,參考級,,EDB 2020
reflectance,反射比,,EDB 2020
reflected ray,反射線,反射綫（EDB）,牛津 Book 3A Ch1
reflected wavefront,反射波陣面,反射波前,EDB 2020
reflecting telescope,反射望遠鏡,,EDB 2020
reflection,反射,,牛津 Book 3A Ch1
reflection grating,反射光柵,,EDB 2020
refracted ray,折射線,折射綫（EDB）,牛津 Book 3A Ch2
refracted wavefront,折射波陣面,折射波前,EDB 2020
refracting angle,折射稜角,,EDB 2020
refracting telescope,折射望遠鏡,,EDB 2020
refraction,折射,,牛津 Book 3A Ch2
refractive index,折射率,,牛津 Book 3A Ch2
refractive index (pl. indices),折射率,,牛津 Book 3A Ch2
refrigerant,製冷劑,雪種,牛津 Book E3 Ch1
refrigerator,冰箱,,EDB 2020
regenerative braking system,再生制動系統,,牛津 Book E3 Ch3
regular reflection,單向反射,,牛津 Book 3A Ch1
relative density,相對密度,,EDB 2020
relative motion,相對運動,,EDB 2020
relative permeability,相對磁導率,,EDB 2020
relative permittivity,相對電容率,相對介電常數,EDB 2020
relative velocity,相對速度,,EDB 2020
relativity,相對論,相對性,EDB 2020
relay,繼電器,,EDB 2020
relay coil,繼電器綫圈,,EDB 2020
relay contact,繼電器觸點,,EDB 2020
rem,雷姆,,EDB 2020
remote control,遙控,,EDB 2020
renewable energy source,可再生能源,,牛津 Book E3 Ch4
repulsion,相斥,,EDB 2020
repulsive force,斥力,,EDB 2020
reservoir capacitor,存儲電容器,,EDB 2020
reset switch,重定開關,,EDB 2020
residual heat,餘熱,,牛津 Book E3 Ch4
resistance,電阻,,牛津 Book 4 Ch2
resistance coil,電阻綫圈,,EDB 2020
resistance substitution box,換值電阻箱,,EDB 2020
resistance thermometer,電阻温度計,電阻溫度計（EDB）,牛津 Book 1 Ch1
resistive component,電阻分量,有功分量,EDB 2020
resistivity,電阻率,,牛津 Book 4 Ch2
resistor,電阻器,,EDB 2020
resolution,解像度,,牛津 Book E2 Ch3
resolution of force,力的分解,,EDB 2020
resolution of vector,矢量的分解,向量的分解,EDB 2020
resolving power,分辨率,解像能力（EDB）,牛津 Book E2 Ch3
resonance,共振,共鳴,EDB 2020
resonance tube,共鳴管,,EDB 2020
resonant frequency,共振頻率,,EDB 2020
resonator,共振器,,EDB 2020
response time,響應時間,,EDB 2020
restoring couple,回復力偶,,EDB 2020
restoring force,回復力,,EDB 2020
restoring torque,回復轉矩,,EDB 2020
resultant,合量,,EDB 2020
resultant displacement,合位移,,EDB 2020
resultant force,合力,,EDB 2020
resultant of vector,合矢量,合向量,EDB 2020
resultant velocity,合速度,,EDB 2020
retard,減速,,EDB 2020
retardation,減速度,,EDB 2020
retina,視網膜,,牛津 Book E4 Ch1
retort stand,鐵支架,鐵架,EDB 2020
retrograde motion,逆行,,牛津 Book E1 Ch1
returning capsule,返回艙,,EDB 2020
reverberation,混響,,EDB 2020
reverberation time,混響時間,,EDB 2020
reverse biased,反向偏壓,,EDB 2020
reverse current,反向電流,,EDB 2020
reverse cycle air conditioner,冷暖空調機,,牛津 Book E3 Ch1
reversibility of light,光的可逆性,,EDB 2020
reversible process,可逆過程,,EDB 2020
reversing switch,換向開關,,EDB 2020
revolution,繞轉,旋轉 / 轉數,EDB 2020
Reynolds number,雷諾數,,EDB 2020
rheostat,變阻器,,牛津 Book 4 Ch2
Richard Feynman,費曼,,牛津 Book E2 Ch3
right-angled fork track,直角分叉徑跡,,牛津 Book 5 Ch1
right-hand grip rule,右手握拳定則,,EDB 2020
right-hand screw rule,右手螺旋定則,,EDB 2020
rigid body,剛體,,EDB 2020
rigidity,剛性,剛度 / 剛度係數,EDB 2020
ring circuit,環形電路,,EDB 2020
ripple,水波,,EDB 2020
ripple tank,水波槽,,牛津 Book 3B  Ch5
river estuary,河口,,牛津 Book E3 Ch4
Robert Millikan,密立根,,牛津 Book 4 Ch1
rocket,火箭,,EDB 2020
rod cell,視桿細胞,,牛津 Book E4 Ch1
rolling,滾動,,EDB 2020
rolling friction,滾動摩擦,,EDB 2020
root-mean-square value,方均根值,,EDB 2020
rotary thermometer,轉動式溫度計,,EDB 2020
rotary-type potentiometer,旋轉分壓器,旋轉電勢差計 / 旋轉電位差計,EDB 2020
rotating platform,旋轉台,,EDB 2020
rotating vector,轉動矢量,轉動向量,EDB 2020
rotation,旋轉,自轉 / 轉動,EDB 2020
rotation curve,旋轉曲線,,牛津 Book E1 Ch3
rotational energy,轉動能,,EDB 2020
rotational motion,旋轉運動,,EDB 2020
rotor,轉子,,牛津 Book E3 Ch4
rubber tubing,橡膠管,,EDB 2020
rule,定則,法則,EDB 2020
ruling,刻度,劃綫,EDB 2020
runway,跑道,,EDB 2020
Rutherford scattering,盧瑟福散射,,EDB 2020
Rutherford's atomic model,盧瑟福原子模型,,EDB 2020
Rydberg constant,里德伯常數,里德伯常量,EDB 2020
safety device,安全裝置,,EDB 2020
satellite,衞星,衛星（EDB）,牛津 Book E1 Ch1
satellite communication,衛星通訊,,EDB 2020
saturated current,飽和電流,,牛津 Book E2 Ch1
saturated vapour,飽和蒸氣,飽和汽,EDB 2020
saturated vapour pressure,飽和蒸氣壓,飽和汽壓,EDB 2020
saturation,飽和,,EDB 2020
saturation current,飽和電流,,EDB 2020
sawtooth voltage,鋸齒波電壓,,EDB 2020
scalar,標量,無向量,牛津 Book 2 Ch1
scalar product,標積,無向積,EDB 2020
scale,標度,比例尺 / 音階,EDB 2020
scaler,脈衝計數器,,EDB 2020
scan,掃描,,EDB 2020
scanning tunnelling microscope,掃描隧穿顯微鏡,,牛津 Book E2 Ch3
scanning tunnelling microscope (STM),掃描隧穿顯微鏡,,EDB 2020
scattering,散射,,牛津 Book E4 Ch2
scattering analogue,散射模擬,,EDB 2020
scattering angle,散射角,,EDB 2020
scintillation,閃爍,,EDB 2020
screen,屏,幕,EDB 2020
screened lead,屏蔽導綫,,EDB 2020
screw,螺旋,螺絲釘,EDB 2020
screw driver,螺釘起子,螺絲批,EDB 2020
screw jack,螺旋起重器,,EDB 2020
sealed radioactive source,密封放射源,,EDB 2020
search coil,探察綫圈,,EDB 2020
second,秒,,EDB 2020
second (s),秒,,牛津 Book 2 Ch1
second law of thermodynamics,熱力學第二定律,,EDB 2020
second order spectrum,第二級光譜,第二級譜,EDB 2020
secondary coil,副線圈,副綫圈（EDB）,牛津 Book 4 Ch8
secondary current,副電流,,EDB 2020
secondary emission,次級發射,,EDB 2020
secondary voltage,副電壓,,EDB 2020
secondary winding,副繞組,,EDB 2020
Seebeck effect,塞貝克效應,,EDB 2020
selective absorption,選擇吸收,,EDB 2020
self inductance,自感,,EDB 2020
self induction,自感應,,EDB 2020
semi-major axis,半長軸,,牛津 Book E1 Ch2
semicircular glass block,半圓玻璃塊,,EDB 2020
semiconductor,半導體,,牛津 Book 4 Ch2
semiconductor diode,半導體二極管,,EDB 2020
semolina,粗粒小麥粉,粗粒麥粉（EDB）,牛津 Book 4 Ch1
sensitivity,靈敏度,,EDB 2020
sensor,感應器,傳感器,EDB 2020
sequential logic,順序邏輯,,EDB 2020
series circuit,串聯電路,,EDB 2020
series resonance circuit,串聯共振電路,,EDB 2020
series-wound motor,串激電動機,串繞電動機,EDB 2020
set switch,設定開關,,EDB 2020
shaft,軸,,EDB 2020
shale,頁岩,,牛津 Book E3 Ch4
shale gas,頁岩氣,,牛津 Book E3 Ch4
shear force,切力,剪力,EDB 2020
shear modulus,切變模量,剪模量 / 剪切模量,EDB 2020
shear strength,切變強度,剪切強度,EDB 2020
shear stress,切應力,剪應力,EDB 2020
Shenzhou manned spacecraft,神舟載人飛船,,EDB 2020
shock waves,衝擊波,震波,EDB 2020
short circuit,短路,,EDB 2020
short sight,近視,,EDB 2020
short wave,短波,,EDB 2020
short-sightedness / myopia,近視,,牛津 Book E4 Ch1
shunt,分流器,分流 / 分路,EDB 2020
shunt-wound motor,並激電動機,並繞電動機,EDB 2020
shutter,快門,光閘,EDB 2020
SI unit,國際單位制單位,,牛津 Book 2 Ch1
sievert,希沃特,,EDB 2020
sievert (Sv),希沃特,,牛津 Book 5 Ch1
sign convention,符號法則,,EDB 2020
signal generator,訊號產生器,,EDB 2020
significant figure,有效數字,,牛津 Book 1 Ch3
silicon,硅,矽,EDB 2020
simple harmonic motion,簡諧運動,,EDB 2020
simple pendulum,單擺,,EDB 2020
simulation,模擬,,EDB 2020
single phase a.c. generator,單相交流發電機,,EDB 2020
single pulley,單滑輪,,EDB 2020
single slit,單縫,,EDB 2020
single trace oscilloscope,單跡示波器,,EDB 2020
single-pole double-throw switch,單刀雙擲開關,,EDB 2020
sinusoidal wave,正弦波,,EDB 2020
sky map (or star chart),星圖,,牛津 Book E1 Ch1
skylight,天窗,,牛津 Book E3 Ch3
slab-shaped magnet,平板形磁鐵,,EDB 2020
slide projector,幻燈片放映機,,EDB 2020
slide-wire potentiometer,滑綫分壓器,滑綫電勢差計 / 滑綫電位差計,EDB 2020
sliding contact,滑動接觸,,EDB 2020
sliding friction,滑動摩擦,,EDB 2020
slinky spring,軟彈簧,,EDB 2020
slip ring,匯電環,,EDB 2020
slit,縫,狹縫,EDB 2020
slope,斜率,,EDB 2020
slotted weight,有槽砝碼,,EDB 2020
slum,貧民窟,,牛津 Book 3A Ch2
smoke cell,烟霧盒,,EDB 2020
smoothing,濾波,平流,EDB 2020
smoothing capacitor,濾波電容器,平流電容器,EDB 2020
smoothing choke,濾波扼流圈,平流扼流圈,EDB 2020
smoothing circuit,濾波電路,平流電路,EDB 2020
Snell's law,斯涅耳定律,,EDB 2020
Snell’ s law,斯涅耳定律,,牛津 Book 3A Ch2
Snell’s law,斯涅耳定律,,牛津 Book 3A Ch2
socket,插座,,EDB 2020
sodium lamp,鈉燈,,EDB 2020
soft iron,軟鐵,,EDB 2020
soft iron core,軟鐵心,,EDB 2020
solar cell,太陽能電池,,牛津 Book E3 Ch4
solar constant,太陽常數,,牛津 Book E3 Ch4
solar control window film,太陽隔熱膜,,牛津 Book E3 Ch3
solar cooker,太陽灶,,EDB 2020
solar eclipse,日食,日蝕,EDB 2020
solar energy,太陽能,,EDB 2020
solar panel,太陽能電池板,,牛津 Book E3 Ch4
solar power,太陽能,,牛津 Book E3 Ch4
solar system,太陽系,,牛津 Book E1 Ch1
soldering iron,烙鐵,,EDB 2020
solenoid,螺綫管,,EDB 2020
solid,固體,,EDB 2020
solid phase,固相,,EDB 2020
solid state,固態,,EDB 2020
solidification,凝固,,EDB 2020
solidifying point,凝固點,,EDB 2020
somatic effect,體細胞效應,,EDB 2020
sonar,聲納,,EDB 2020
sonic boom,聲爆,,EDB 2020
sonometer,弦音計,,EDB 2020
sound,聲音,,EDB 2020
sound intensity,聲強度,,EDB 2020
sound intensity level,聲強級,,牛津 Book E4 Ch2
sound proofing,隔聲,,EDB 2020
sound track,聲跡,聲道,EDB 2020
sound wave,聲波,,EDB 2020
south celestial pole,南天極,,EDB 2020
south pole,南極,,EDB 2020
spacecraft,太空飛行器,宇宙飛船 / 太空船,EDB 2020
spacelab,空間實驗室,宇宙實驗室 / 太空實驗室,EDB 2020
spark,火花,,EDB 2020
spark counter,火花計數器,,牛津 Book 5 Ch1
spatial scale,空間標度,,EDB 2020
special relativity,狹義相對論,,牛津 Book E2 Ch1
special theory of relativity,狹義相對論,,牛津 Book 5 Ch3
specific charge,荷質比,比電荷 / 比荷,EDB 2020
specific heat capacity,比熱容量,,牛津 Book 1 Ch3
specific heat capacity at constant pressure,定壓比熱容量,,EDB 2020
specific heat capacity at constant volume,定容比熱容量,,EDB 2020
specific latent heat,比潛熱,,EDB 2020
specific latent heat of fusion,熔解比潛熱,,EDB 2020
specific latent heat of vaporization,汽化比潛熱,,EDB 2020
spectacles,眼鏡,,EDB 2020
spectral analysis,光譜分析,,EDB 2020
spectral class,光譜型,,牛津 Book E1 Ch3
spectral line,光譜線,光譜綫（EDB）,牛津 Book E1 Ch3
spectral order,光譜級,,EDB 2020
spectrometer,光譜儀,分光計,EDB 2020
spectroscopy,光譜學,,EDB 2020
spectrum,譜,光譜 / 波譜,EDB 2020
spectrum tube,光譜管,,EDB 2020
specular reflection,鏡面反射,,EDB 2020
speed,速率,,牛津 Book 2 Ch1
speed of light,光速,,EDB 2020
speed of sound,聲速,音速,EDB 2020
spherical aberration,球面像差,,EDB 2020
spherical lens,球面透鏡,,EDB 2020
spherical mirror,球面鏡,,EDB 2020
spherical wave,球面波,,EDB 2020
spherically symmetric,球對稱的,,EDB 2020
spin,自旋,,EDB 2020
spiral,螺綫,螺旋形,EDB 2020
spiral spring,螺旋彈簧,,EDB 2020
spirit level,氣泡水平儀,,EDB 2020
spontaneous,自發的,,EDB 2020
spontaneous disintegration,自發蛻變,,EDB 2020
spontaneous emission,自發發射,,EDB 2020
spontaneously,自發,,牛津 Book 5 Ch1
spring,彈簧,簧片 / 發條,EDB 2020
spring balance,彈簧秤,,EDB 2020
square wave,方波,,EDB 2020
squarer,方波產生器,,EDB 2020
stable equilibrium,穩定平衡,,EDB 2020
stable state,穩定態,,EDB 2020
stackable plug,疊加式插頭,,EDB 2020
standard atmospheric pressure,標準大氣壓強,標準大氣壓,EDB 2020
standard cell,標準電池,,EDB 2020
standard deviation,標準偏差,標準差,EDB 2020
standard error,標準誤差,,EDB 2020
standing wave,駐波,,EDB 2020
star,恆星,,牛津 Book E1 Ch1
star cluster,星團,,牛津 Book E1 Ch1
star map,星圖,,EDB 2020
starter,起動器,,EDB 2020
starting resistance,起動電阻,,EDB 2020
starting voltage,起動電壓,,EDB 2020
state,態,,EDB 2020
states of matter,物態,,EDB 2020
static equilibrium,靜態平衡,,EDB 2020
static friction,靜摩擦,,EDB 2020
static resistance,靜態電阻,,EDB 2020
statics,靜力學,,EDB 2020
stationary wave,駐波,定態波,EDB 2020
stationary wave / standing wave,駐波,,牛津 Book 3B  Ch5
stator,定子,,EDB 2020
steady flow,穩流,定常流動,EDB 2020
steady state,穩態,定態,EDB 2020
steam,水蒸氣,蒸汽,EDB 2020
steam engine,蒸汽機,,EDB 2020
steam point,汽化點,汽點,EDB 2020
steam turbine,蒸汽渦輪機,,EDB 2020
steel yoke,鋼軛,,EDB 2020
Stefan's law,斯特藩定律,,EDB 2020
Stefan’s law,斯特藩定律,,牛津 Book E1 Ch3
stellar classification,恆星分類,,EDB 2020
step-down transformer,降壓器,,牛津 Book 4 Ch8
step-up transformer,升壓器,,牛津 Book 4 Ch8
stereophonic sound,立體聲,,EDB 2020
stiffness,硬挺度,抗撓性,EDB 2020
stimulated absorption,受激吸收,,EDB 2020
stimulated emission,受激發射,,EDB 2020
Stoke's law,斯托克斯定律,,EDB 2020
stop watch,秒錶,,EDB 2020
stopclock,秒鐘,,EDB 2020
stopping potential,遏止電勢,,牛津 Book E2 Ch1
storage battery,蓄電池組,,EDB 2020
storage capacitor,存儲電容器,,EDB 2020
Storage Capacity (litre),儲水容量(公升),,牛津 Book E3 Ch1
stored energy,儲能,,EDB 2020
straight pulse,直綫脈衝,,EDB 2020
straight wave,直線波,直綫波（EDB）,牛津 Book 3B  Ch5
straight wavefront,直綫波陣面,直綫波前,EDB 2020
strain,應變,,EDB 2020
strain gauge,應變計,應變規,EDB 2020
stray capacitance,雜散電容,,EDB 2020
streamline,流綫,,EDB 2020
stress,應力,,EDB 2020
stretch,伸長,緊張,EDB 2020
strobe frequency,閃頻,,EDB 2020
stroboscope,頻閃觀測器,頻閃儀,EDB 2020
stroboscopic photography,頻閃照相法,,EDB 2020
strontium,鍶,,EDB 2020
stylus,唱針,,EDB 2020
sub-station,電力分站,,EDB 2020
subatomic particle,亞原子粒子,,牛津 Book 5 Ch2
sublimation,昇華,,EDB 2020
submerge,浸沒,,EDB 2020
subsonic speed,亞聲速,亞音速,EDB 2020
summing amplifier,加法放大器,,EDB 2020
sundial,日晷,,EDB 2020
sunspot,太陽黑子,,牛津 Book E1 Ch1
supercapacitor,超級電容器,,牛津 Book E3 Ch3
supercluster,超星系團,,牛津 Book E1 Ch1
superconductivity,超導電性,,EDB 2020
superconductor,超導體,,EDB 2020
supercooling,過冷,,EDB 2020
superficial expansivity,面膨脹係數,面膨脹率,EDB 2020
supergiant,超巨星,,牛津 Book E1 Ch3
superior mirage,上蜃景,,牛津 Book 3A Ch2
superior planet,外行星,,牛津 Book E1 Ch1
superposition,疊加,,牛津 Book 3B  Ch5
supersaturation,過飽和,,EDB 2020
supersonic speed,超聲速,超音速,EDB 2020
surface charge density,表面電荷密度,,EDB 2020
surface energy,表面能,,EDB 2020
surface tension,表面張力,,EDB 2020
susceptibility,磁化率,,EDB 2020
suspended particulate,懸浮粒子,,牛津 Book 4 Ch1
suspensory ligament,懸韌帶,,牛津 Book E4 Ch1
sweep,掃描,掃掠,EDB 2020
sweep rate,掃描速率,,EDB 2020
switch,開關,電鍵,EDB 2020
switch off,截斷,關閉,EDB 2020
switch on,接通,開啟,EDB 2020
symbol,符號,,EDB 2020
synchronization,同步,,EDB 2020
synchronous orbit,同步軌道,,EDB 2020
syringe,針筒,,EDB 2020
system,系統,,EDB 2020
systematic error,規律性誤差,系統誤差,EDB 2020
tangential acceleration,切向加速度,,EDB 2020
tangential component,切向分量,,EDB 2020
tape chart,紙帶圖表,,EDB 2020
tapping key,簧片按鍵,,EDB 2020
technetium-99m,鍀-99m,,EDB 2020
telephone receiver,電話聽筒,,EDB 2020
teleprompter,提詞機,,牛津 Book 3A Ch1
telescope,望遠鏡,,牛津 Book E1 Ch1
telescope mount,望遠鏡座,,EDB 2020
television,電視,,EDB 2020
temperature,温度,溫度（EDB）,牛津 Book 1 Ch1
temperature coefficient of resistance,電阻溫度係數,,EDB 2020
temperature difference,溫差,,EDB 2020
temperature gradient,溫度梯度,,EDB 2020
temperature scale,溫標,,EDB 2020
temperature-dependent property,與温度相關的物性,,牛津 Book 1 Ch1
tempering,回火,,EDB 2020
temporary magnet,暫時磁鐵,暫時磁體,EDB 2020
tensile force,張力,,EDB 2020
tensile strain,張應變,拉伸應變,EDB 2020
tensile strength,抗張強度,,EDB 2020
tensile stress,張應力,拉伸應力,EDB 2020
tension,張力,,EDB 2020
terminal,端鈕,接綫柱,EDB 2020
terminal speed,終端速率,,EDB 2020
terminal velocity,終端速度,,EDB 2020
terminal voltage,端電壓,,EDB 2020
terrestrial telescope,正像望遠鏡,,EDB 2020
tesla,忒斯拉,,EDB 2020
test charge,檢驗電荷,,牛津 Book 4 Ch1
test tube,試管,,EDB 2020
theory,理論,,EDB 2020
theory of relativity,相對論,,牛津 Book E2 Ch1
thermal capacity,熱容量,,EDB 2020
thermal conductivity,導熱率,,牛津 Book E3 Ch3
thermal equilibrium,熱平衡,,牛津 Book 1 Ch2
thermal pollution,熱污染,,牛津 Book E3 Ch4
thermal radiation,熱輻射,,EDB 2020
thermal reactor,熱中子反應堆,,EDB 2020
thermal transmission,熱傳遞,,EDB 2020
thermal transmittance,傳熱係數,熱傳送係數,EDB 2020
thermionic diode,熱離子二極管,,EDB 2020
thermionic emission,熱離子發射,,EDB 2020
thermistor,熱敏電阻器,,EDB 2020
thermistor thermometer,熱敏電阻温度計,熱敏電阻溫度計（EDB）,牛津 Book 1 Ch1
thermo-electromotive force,溫差電動勢,熱電動勢,EDB 2020
thermocouple,溫差電偶,熱電偶,EDB 2020
thermocouple thermometer,溫差電偶溫度計,熱電偶溫度計,EDB 2020
thermodynamic temperature,熱力學溫度,,EDB 2020
thermoelectric effect,溫差電效應,熱電效應,EDB 2020
thermometer,温度計,溫度計（EDB）,牛津 Book 1 Ch1
thermometer bulb,溫度計泡,,EDB 2020
thermometric property,測溫性質,,EDB 2020
thermometry,測溫學,,EDB 2020
thermonuclear reaction,熱核反應,,EDB 2020
thermopile,溫差電堆,熱電堆,EDB 2020
thermostat,恒溫器,,EDB 2020
thin film,薄膜,,EDB 2020
Thomas Edison,愛迪生,,牛津 Book 4 Ch8
Thomson's atomic model,湯姆生原子模型,,EDB 2020
thorium,釷,,EDB 2020
Three Gorges hydropower station,三峽水電站,,牛津 Book E3 Ch4
Three Laws of Spectroscopy,光譜分析三大定律,,牛津 Book E2 Ch2
three-pin plug,三腳插頭,,EDB 2020
threshold frequency,臨閾頻率,,牛津 Book E2 Ch1
threshold intensity,臨閾強度,,EDB 2020
threshold of hearing,聽覺閾,,牛津 Book E4 Ch2
threshold voltage,臨閾電壓,,EDB 2020
thrust,推力,,EDB 2020
thyratron tube,閘流管,,EDB 2020
ticker-tape,紙帶,,EDB 2020
ticker-tape timer,紙帶打點計時器,,EDB 2020
tidal energy,潮汐能,,EDB 2020
tidal power,潮汐能,,牛津 Book E3 Ch4
timbre,音品,音色,EDB 2020
time,時間,,EDB 2020
time base,時基,,EDB 2020
time base control,時基控制,,EDB 2020
time constant,時間常數,時間常量,EDB 2020
time interval,時距,,EDB 2020
time switch,定時開關,,EDB 2020
timer,計時器,,EDB 2020
titanium dioxide,二氧化鈦,,EDB 2020
tomograph,斷層造影圖,,牛津 Book E4 Ch3
tomour,腫瘤,,牛津 Book E4 Ch3
toroid,環狀綫圈,,EDB 2020
toroidal coil,環狀綫圈,,EDB 2020
toroidal rheostat,環形變阻器,環形可變電阻,EDB 2020
torque,轉矩,,EDB 2020
Torricelli's theorem,托里拆利定理,,EDB 2020
Torricellian vacuum,托里拆利真空,,EDB 2020
torsion,扭轉,,EDB 2020
torsion constant,扭轉常數,扭轉常量,EDB 2020
torsional force,扭力,,EDB 2020
torsional moment,扭矩,,EDB 2020
torsional oscillation,扭轉振盪,,EDB 2020
torsional pendulum,扭擺,,EDB 2020
torsional strength,抗扭強度,,EDB 2020
torsional stress,扭應力,,EDB 2020
total internal reflection,全內反射,全反射（EDB）,牛津 Book 3A Ch2
total internal refraction,全內反射,,牛津 Book 3A Ch2
Tower of Pisa,比薩斜塔,,牛津 Book 2 Ch2
trace,跡綫,描跡 / 示踪,EDB 2020
tracer,示蹤物,示踪物（EDB）,牛津 Book E4 Ch3
track,徑跡,,EDB 2020
train of waves,波列,,EDB 2020
trajectory,軌道,軌跡,EDB 2020
transducer,換能器,,牛津 Book E4 Ch1
transformation,變換,,EDB 2020
transformer,變壓器（俗稱火牛）,變壓器（EDB）,牛津 Book 4 Ch8
transient current,瞬變電流,,EDB 2020
transient state,瞬態,,EDB 2020
transient voltage,瞬變電壓,,EDB 2020
transistor,晶體管,晶體三極管,EDB 2020
transition,躍遷,轉變 / 過渡,EDB 2020
transition energy,躍遷能,,EDB 2020
translation,平移,,EDB 2020
translational energy,平移動能,,EDB 2020
translucent screen,半透明屏,半透明幕,EDB 2020
transmission,輸送,傳遞 / 透射,EDB 2020
transmission cable,輸電纜,,EDB 2020
transmission electron microscope,透射電子顯微鏡,,牛津 Book E2 Ch3
transmission electron microscope (TEM),透射電子顯微鏡,,EDB 2020
transmission grating,透射光柵,,EDB 2020
transmittance,透射比,,EDB 2020
transmitted ray,透射光綫,,EDB 2020
transmutation,嬗變,,牛津 Book 5 Ch2
transparent,透明,,EDB 2020
transverse,橫向的,,EDB 2020
transverse magnification,橫向放大,橫向放大率,EDB 2020
transverse wave,橫波,,牛津 Book 3B  Ch4
travelling microscope,移測顯微鏡,,EDB 2020
travelling wave,行波,,牛津 Book 3B  Ch4
triangle of force,力三角形,,EDB 2020
triangular prism,三稜鏡,三角稜鏡,EDB 2020
trigger,觸發,觸發器,EDB 2020
trigger input,觸發輸入,,EDB 2020
trigonometric ratio,三角比,,牛津 Book 2 Ch1
triode,三極管,,EDB 2020
triple beam balance,三桿式天平,,EDB 2020
triple point,三相點,三態點,EDB 2020
tripod stand,三腳架,,EDB 2020
tritium,氚,,EDB 2020
trolley,小車,,EDB 2020
trough,波谷,,牛津 Book 3B  Ch4
truth table,真值表,,EDB 2020
tsunami,海潚,,牛津 Book 3B  Ch4
tuberculosis,肺結核,,牛津 Book E4 Ch3
tune,調諧,,EDB 2020
tungsten,鎢,,牛津 Book E3 Ch2
tungsten filament,鎢絲,,EDB 2020
tuning fork,音叉,,EDB 2020
tunnelling current,隧穿電流,,牛津 Book E2 Ch3
tunnelling effect,隧道效應,隧穿效應,EDB 2020
turbine,渦輪機,,EDB 2020
turbulent flow,湍流,,EDB 2020
Turkey vulture,土耳其禿鷹,,牛津 Book 1 Ch2
turn,匝,轉 / 轉動,EDB 2020
turn off,截斷,關閉,EDB 2020
turn on,接通,開啟,EDB 2020
turns ratio,匝數比,,牛津 Book 4 Ch8
turntable,轉盤,,EDB 2020
twist,扭轉,,EDB 2020
two-way switch,雙向開關,,EDB 2020
Tycho Brahe,第谷,,牛津 Book E1 Ch2
ultimate tensile stress,極限張應力,,EDB 2020
ultra high frequency,超高頻,,EDB 2020
ultra-violet radiation,紫外輻射,,EDB 2020
ultra-violet ray,紫外綫,,EDB 2020
ultrasonic,超聲,超音,EDB 2020
ultrasonic wave,超聲波,超音波,EDB 2020
ultrasound,超聲波,超聲（EDB）,牛津 Book 2 Ch2
ultrasound scan,超聲波掃描,,EDB 2020
ultrasound scanning,超聲波掃描,,牛津 Book E4 Ch2
umbra,本影區,,牛津 Book 3A Ch2
unbalanced force,不平衡力,,EDB 2020
unidirectional circuit,單向電路,,EDB 2020
unidirectional current,單向電流,,EDB 2020
uniform,均勻,,EDB 2020
uniform acceleration,勻加速度,,EDB 2020
uniform electric field,勻強電場,,EDB 2020
uniform magnetic field,勻強磁場,,EDB 2020
uniform motion,勻速運動,,牛津 Book 2 Ch1
uniform speed,勻速率,,EDB 2020
uniform velocity,勻速度,,EDB 2020
uniformly accelerated motion,勻加速運動,,EDB 2020
unit,單位,單元,EDB 2020
unit mass,單位質量,,EDB 2020
unit temperature,單位溫度,,EDB 2020
universal gas constant,普適氣體常數,普適氣體常量,EDB 2020
universal gravitational constant,萬有引力常數,萬有引力常量,EDB 2020
universal stand,普用支架,,EDB 2020
universe,宇宙,,EDB 2020
unpolarized light,非偏振光,,EDB 2020
unpolarized wave,非偏振波,,EDB 2020
unstable equilibrium,不穩定平衡,,EDB 2020
unsteady state,非穩態,,EDB 2020
unstretched length,原長,,EDB 2020
upper limit,上限,,EDB 2020
upthrust,浮力,,EDB 2020
uranium,鈾,,牛津 Book 5 Ch1
uranium ore,鈾礦,,EDB 2020
uranyl nitrate,硝酸鈾醯,,EDB 2020
vacuum,真空,,EDB 2020
vacuum discharge,真空放電,,EDB 2020
vacuum pump,真空泵,,EDB 2020
vacuum tube,真空管,,EDB 2020
valence electron,價電子,,EDB 2020
valve,電子管,閥 / 活門,EDB 2020
Van de Graaff generator,范德格拉夫起電機,,牛津 Book 4 Ch1
Van der Waals' force,范德華力,,EDB 2020
vaporization,汽化,,EDB 2020
vapour,蒸氣,汽,EDB 2020
vapour density,蒸氣密度,汽密度,EDB 2020
vapour pressure,蒸氣壓,汽壓,EDB 2020
variable gain,可變增益,,EDB 2020
variable motion,變速運動,,EDB 2020
variable resistor,變阻器,可變電阻,EDB 2020
variable speed,可變速率,,EDB 2020
variable star,變星,,EDB 2020
variable velocity,可變速度,,EDB 2020
variation,變化,,EDB 2020
vector,矢量,向量,牛津 Book 2 Ch1
vector addition,矢量加法,向量加法,EDB 2020
vector product,矢積,向積,EDB 2020
velocity,速度,,牛津 Book 2 Ch1
velocity ratio,速度比,,EDB 2020
Venturi meter,文丘里流量計,,EDB 2020
vernier,游標尺,,EDB 2020
vernier calliper,游標尺,,牛津 Book 2 Ch1
vernier microscope,游標顯微鏡,,EDB 2020
vertical,垂直,,EDB 2020
vertical component,垂直分量,,EDB 2020
vertical deflection,垂直偏轉,,EDB 2020
very high frequency,甚高頻,,EDB 2020
vibration,振動,,EDB 2020
vibration generator,振動產生器,,EDB 2020
vibration/oscillation,振動,,牛津 Book 3B  Ch4
vibrator,振動器,,EDB 2020
Virgo Supercluster,室女座超星系團,,牛津 Book E1 Ch1
virtual earth,假接地,,EDB 2020
virtual focus,虛焦點,,EDB 2020
virtual image,虛像,,牛津 Book 3A Ch1
virtual object,虛物,虛物體,EDB 2020
viscosity,黏滯性,黏性,EDB 2020
viscous,黏滯的,,EDB 2020
viscous flow,黏滯流動,,EDB 2020
viscous force,黏滯力,黏力,EDB 2020
viscous resistance,黏滯阻力,,EDB 2020
visibility,可見度,,EDB 2020
visible light,可見光,,EDB 2020
visible spectrum,可見光譜,,EDB 2020
vision,視覺,視力,EDB 2020
visual angle,視角,,EDB 2020
volt,伏特,伏,EDB 2020
volt (V),伏特,,牛津 Book 4 Ch2
voltage,電壓,,牛津 Book 4 Ch2
voltage amplification,電壓放大率,,EDB 2020
voltage comparator,電壓比較器,,EDB 2020
voltage divider,分壓器,,EDB 2020
voltage drop,電壓降,,EDB 2020
voltage gain,電壓增益,,EDB 2020
voltage rating,電壓額定值,,EDB 2020
voltage ratio,電壓比,,牛津 Book 4 Ch8
voltage regulator,電壓調節器,,EDB 2020
voltage stabilizer,電壓穩定器,穩壓器,EDB 2020
voltmeter,伏特計,,牛津 Book 4 Ch2
voltmeter-ammeter method,伏安法,,牛津 Book 4 Ch2
volume,體積,容積,EDB 2020
vortex,渦漩,,EDB 2020
vulcanization,硫化作用,,EDB 2020
Wan Chai promenade,灣仔海濱長廊,,牛津 Book 3B  Ch5
water vapour,水蒸氣,水汽,EDB 2020
water wave,水波,,EDB 2020
water-repellence,斥水性,拒水性 / 疏水性,EDB 2020
watt,瓦特,瓦,EDB 2020
watt (W),瓦特,,牛津 Book 1 Ch3
watt-meter,瓦特計,功率計,EDB 2020
wave,波,,牛津 Book 3B  Ch4
wave model,波動模型,,EDB 2020
wave motion,波動,,EDB 2020
wave number,波數,,EDB 2020
wave pattern,波動圖形,,EDB 2020
wave source,波源,,EDB 2020
wave speed,波速率,,牛津 Book 3B  Ch4
wave train,波列,,EDB 2020
wave velocity,波速度,,EDB 2020
wave-particle duality,波粒二象性,,牛津 Book E2 Ch1
waveform,波形,,牛津 Book 3B  Ch4
wavefront,波陣面,,牛津 Book 3B  Ch5
waveguide,波導管,波導（EDB）,牛津 Book E3 Ch1
wavelength,波長,,牛津 Book 3B  Ch4
wavelet,子波,,EDB 2020
weber,韋伯,,EDB 2020
wedge,楔,,EDB 2020
weight,重量,砝碼 / 權重,EDB 2020
weightlessness,失重,無重狀態,牛津 Book E1 Ch2
west-to-east power transmission program,西電東送計劃,,牛津 Book E3 Ch4
Weston cadmium cell,韋斯頓鎘電池,,EDB 2020
Wheatstone bridge,惠斯登電橋,,EDB 2020
wheel-and-axle,輪軸,,EDB 2020
white dwarf,白矮星,,牛津 Book E1 Ch3
white light,白光,,EDB 2020
wig-wag machine,搖擺機,,EDB 2020
Willebrord Snell,斯涅耳,,牛津 Book 3A Ch2
Wilson cloud chamber,威爾遜雲室,,EDB 2020
wind power,風能,風力（EDB）,牛津 Book E3 Ch4
wind tunnel,風洞,,EDB 2020
wind turbine,風力渦輪機,,牛津 Book E3 Ch4
winding,繞組,繞,EDB 2020
Winter Triangle,冬季大三角,,牛津 Book E1 Ch1
wire gauze,鐵絲網,,EDB 2020
wiring,接綫,佈綫,EDB 2020
work,功,,牛津 Book 1 Ch2
work function,功函數,逸出功（EDB）,牛津 Book E2 Ch1
World Health Organization,世界衛生組織,,牛津 Book 4 Ch1
X-ray radiographic image X,射線放射攝影圖像,,牛津 Book E4 Ch3
X-shift,水平移,,EDB 2020
xenon,氙,,EDB 2020
xenon stroboscope,氙光頻閃觀測器,氙光頻閃儀,EDB 2020
Y-shift,垂直移,,EDB 2020
Yangtze River,長江,,牛津 Book E3 Ch4
yellow spot,黃點,,牛津 Book E4 Ch1
yield point,屈服點,,EDB 2020
yield strength,抗屈強度,,EDB 2020
Young modulus,楊氏模量,,EDB 2020
Young's double slit experiment,楊氏雙縫實驗,,EDB 2020
Young's interference fringes,楊氏干涉條紋,,EDB 2020
zener diode,齊訥二極管,,EDB 2020
Zeno,芝諾,,牛津 Book 2 Ch2
zero correction,零點校正,,EDB 2020
zeroth law of thermodynamics,熱力學第零定律,,EDB 2020
zeroth order,零級,,EDB 2020
zodiac,黃道帶,,EDB 2020
